# Elevation profile of Austin.csv (centreline distance), from FastF1 position Z of the 2024, 2025
# qualifying pole laps, smoothed (sigma 20 m), closed and relative to the mean.
s_m,z_m
0.0,-7.109
10.0,-7.128
20.0,-7.151
30.0,-7.176
40.0,-7.202
50.0,-7.223
60.0,-7.239
70.0,-7.247
80.0,-7.252
90.0,-7.253
100.0,-7.252
110.0,-7.249
120.0,-7.241
130.0,-7.225
140.0,-7.198
150.0,-7.163
160.0,-7.126
170.0,-7.096
180.0,-7.081
190.0,-7.082
200.0,-7.098
210.0,-7.122
220.0,-7.148
230.0,-7.172
240.0,-7.193
250.0,-7.211
260.0,-7.224
270.0,-7.231
280.0,-7.231
290.0,-7.217
300.0,-7.187
310.0,-7.132
320.0,-7.047
330.0,-6.926
340.0,-6.764
350.0,-6.558
360.0,-6.305
370.0,-6.005
380.0,-5.656
390.0,-5.262
400.0,-4.824
410.0,-4.341
420.0,-3.809
430.0,-3.224
440.0,-2.582
450.0,-1.880
460.0,-1.119
470.0,-0.302
480.0,0.568
490.0,1.486
500.0,2.445
510.0,3.437
520.0,4.460
530.0,5.510
540.0,6.586
550.0,7.690
560.0,8.828
570.0,10.014
580.0,11.254
590.0,12.533
600.0,13.811
610.0,15.030
620.0,16.136
630.0,17.084
640.0,17.847
650.0,18.417
660.0,18.804
670.0,19.022
680.0,19.074
690.0,18.948
700.0,18.625
710.0,18.091
720.0,17.354
730.0,16.441
740.0,15.400
750.0,14.286
760.0,13.149
770.0,12.024
780.0,10.935
790.0,9.893
800.0,8.901
810.0,7.960
820.0,7.073
830.0,6.239
840.0,5.459
850.0,4.731
860.0,4.055
870.0,3.433
880.0,2.869
890.0,2.368
900.0,1.931
910.0,1.557
920.0,1.246
930.0,0.995
940.0,0.805
950.0,0.675
960.0,0.606
970.0,0.595
980.0,0.637
990.0,0.729
1000.0,0.866
1010.0,1.042
1020.0,1.250
1030.0,1.478
1040.0,1.714
1050.0,1.948
1060.0,2.168
1070.0,2.368
1080.0,2.544
1090.0,2.694
1100.0,2.816
1110.0,2.908
1120.0,2.968
1130.0,2.998
1140.0,3.000
1150.0,2.976
1160.0,2.928
1170.0,2.856
1180.0,2.762
1190.0,2.651
1200.0,2.529
1210.0,2.403
1220.0,2.276
1230.0,2.150
1240.0,2.019
1250.0,1.878
1260.0,1.724
1270.0,1.561
1280.0,1.396
1290.0,1.238
1300.0,1.097
1310.0,0.977
1320.0,0.883
1330.0,0.816
1340.0,0.775
1350.0,0.757
1360.0,0.755
1370.0,0.759
1380.0,0.758
1390.0,0.744
1400.0,0.710
1410.0,0.658
1420.0,0.594
1430.0,0.526
1440.0,0.460
1450.0,0.401
1460.0,0.353
1470.0,0.321
1480.0,0.308
1490.0,0.320
1500.0,0.359
1510.0,0.425
1520.0,0.519
1530.0,0.640
1540.0,0.787
1550.0,0.956
1560.0,1.145
1570.0,1.351
1580.0,1.568
1590.0,1.792
1600.0,2.019
1610.0,2.243
1620.0,2.456
1630.0,2.651
1640.0,2.821
1650.0,2.961
1660.0,3.066
1670.0,3.132
1680.0,3.156
1690.0,3.136
1700.0,3.073
1710.0,2.972
1720.0,2.846
1730.0,2.711
1740.0,2.586
1750.0,2.488
1760.0,2.430
1770.0,2.425
1780.0,2.484
1790.0,2.614
1800.0,2.819
1810.0,3.097
1820.0,3.442
1830.0,3.846
1840.0,4.293
1850.0,4.767
1860.0,5.256
1870.0,5.755
1880.0,6.264
1890.0,6.783
1900.0,7.314
1910.0,7.855
1920.0,8.406
1930.0,8.963
1940.0,9.519
1950.0,10.068
1960.0,10.604
1970.0,11.123
1980.0,11.621
1990.0,12.092
2000.0,12.525
2010.0,12.912
2020.0,13.245
2030.0,13.521
2040.0,13.739
2050.0,13.899
2060.0,14.001
2070.0,14.045
2080.0,14.031
2090.0,13.960
2100.0,13.832
2110.0,13.650
2120.0,13.413
2130.0,13.121
2140.0,12.772
2150.0,12.366
2160.0,11.904
2170.0,11.390
2180.0,10.833
2190.0,10.243
2200.0,9.631
2210.0,9.005
2220.0,8.370
2230.0,7.734
2240.0,7.103
2250.0,6.486
2260.0,5.891
2270.0,5.324
2280.0,4.788
2290.0,4.287
2300.0,3.821
2310.0,3.392
2320.0,3.000
2330.0,2.647
2340.0,2.332
2350.0,2.057
2360.0,1.821
2370.0,1.623
2380.0,1.457
2390.0,1.320
2400.0,1.209
2410.0,1.129
2420.0,1.082
2430.0,1.075
2440.0,1.109
2450.0,1.182
2460.0,1.293
2470.0,1.437
2480.0,1.616
2490.0,1.827
2500.0,2.070
2510.0,2.344
2520.0,2.647
2530.0,2.974
2540.0,3.314
2550.0,3.650
2560.0,3.957
2570.0,4.210
2580.0,4.393
2590.0,4.494
2600.0,4.513
2610.0,4.447
2620.0,4.296
2630.0,4.058
2640.0,3.732
2650.0,3.320
2660.0,2.834
2670.0,2.290
2680.0,1.714
2690.0,1.131
2700.0,0.559
2710.0,0.010
2720.0,-0.508
2730.0,-0.987
2740.0,-1.421
2750.0,-1.807
2760.0,-2.146
2770.0,-2.440
2780.0,-2.690
2790.0,-2.897
2800.0,-3.058
2810.0,-3.175
2820.0,-3.249
2830.0,-3.281
2840.0,-3.273
2850.0,-3.224
2860.0,-3.133
2870.0,-3.000
2880.0,-2.822
2890.0,-2.603
2900.0,-2.347
2910.0,-2.064
2920.0,-1.765
2930.0,-1.463
2940.0,-1.169
2950.0,-0.890
2960.0,-0.631
2970.0,-0.393
2980.0,-0.177
2990.0,0.020
3000.0,0.198
3010.0,0.359
3020.0,0.501
3030.0,0.624
3040.0,0.728
3050.0,0.811
3060.0,0.873
3070.0,0.912
3080.0,0.929
3090.0,0.925
3100.0,0.899
3110.0,0.854
3120.0,0.790
3130.0,0.709
3140.0,0.610
3150.0,0.493
3160.0,0.357
3170.0,0.201
3180.0,0.025
3190.0,-0.166
3200.0,-0.369
3210.0,-0.575
3220.0,-0.778
3230.0,-0.975
3240.0,-1.161
3250.0,-1.332
3260.0,-1.486
3270.0,-1.619
3280.0,-1.731
3290.0,-1.822
3300.0,-1.891
3310.0,-1.942
3320.0,-1.976
3330.0,-1.998
3340.0,-2.009
3350.0,-2.010
3360.0,-2.004
3370.0,-1.991
3380.0,-1.975
3390.0,-1.958
3400.0,-1.938
3410.0,-1.915
3420.0,-1.884
3430.0,-1.846
3440.0,-1.805
3450.0,-1.762
3460.0,-1.721
3470.0,-1.680
3480.0,-1.641
3490.0,-1.602
3500.0,-1.564
3510.0,-1.526
3520.0,-1.489
3530.0,-1.453
3540.0,-1.420
3550.0,-1.394
3560.0,-1.378
3570.0,-1.371
3580.0,-1.372
3590.0,-1.379
3600.0,-1.392
3610.0,-1.412
3620.0,-1.443
3630.0,-1.486
3640.0,-1.540
3650.0,-1.606
3660.0,-1.686
3670.0,-1.779
3680.0,-1.884
3690.0,-1.998
3700.0,-2.118
3710.0,-2.241
3720.0,-2.366
3730.0,-2.493
3740.0,-2.622
3750.0,-2.753
3760.0,-2.890
3770.0,-3.038
3780.0,-3.207
3790.0,-3.399
3800.0,-3.609
3810.0,-3.822
3820.0,-4.013
3830.0,-4.168
3840.0,-4.280
3850.0,-4.355
3860.0,-4.399
3870.0,-4.417
3880.0,-4.408
3890.0,-4.371
3900.0,-4.300
3910.0,-4.189
3920.0,-4.032
3930.0,-3.832
3940.0,-3.596
3950.0,-3.338
3960.0,-3.073
3970.0,-2.815
3980.0,-2.576
3990.0,-2.361
4000.0,-2.172
4010.0,-2.009
4020.0,-1.864
4030.0,-1.730
4040.0,-1.601
4050.0,-1.478
4060.0,-1.370
4070.0,-1.293
4080.0,-1.265
4090.0,-1.296
4100.0,-1.390
4110.0,-1.539
4120.0,-1.727
4130.0,-1.934
4140.0,-2.139
4150.0,-2.328
4160.0,-2.497
4170.0,-2.653
4180.0,-2.803
4190.0,-2.948
4200.0,-3.082
4210.0,-3.200
4220.0,-3.296
4230.0,-3.369
4240.0,-3.419
4250.0,-3.444
4260.0,-3.442
4270.0,-3.417
4280.0,-3.377
4290.0,-3.338
4300.0,-3.308
4310.0,-3.290
4320.0,-3.270
4330.0,-3.234
4340.0,-3.177
4350.0,-3.105
4360.0,-3.032
4370.0,-2.970
4380.0,-2.922
4390.0,-2.886
4400.0,-2.858
4410.0,-2.836
4420.0,-2.815
4430.0,-2.789
4440.0,-2.748
4450.0,-2.686
4460.0,-2.600
4470.0,-2.490
4480.0,-2.359
4490.0,-2.214
4500.0,-2.061
4510.0,-1.909
4520.0,-1.763
4530.0,-1.626
4540.0,-1.491
4550.0,-1.350
4560.0,-1.198
4570.0,-1.034
4580.0,-0.863
4590.0,-0.692
4600.0,-0.525
4610.0,-0.366
4620.0,-0.212
4630.0,-0.061
4640.0,0.087
4650.0,0.230
4660.0,0.360
4670.0,0.468
4680.0,0.544
4690.0,0.582
4700.0,0.582
4710.0,0.547
4720.0,0.482
4730.0,0.387
4740.0,0.264
4750.0,0.111
4760.0,-0.070
4770.0,-0.280
4780.0,-0.518
4790.0,-0.786
4800.0,-1.083
4810.0,-1.413
4820.0,-1.773
4830.0,-2.158
4840.0,-2.561
4850.0,-2.967
4860.0,-3.363
4870.0,-3.741
4880.0,-4.094
4890.0,-4.424
4900.0,-4.731
4910.0,-5.015
4920.0,-5.271
4930.0,-5.495
4940.0,-5.680
4950.0,-5.826
4960.0,-5.933
4970.0,-6.007
4980.0,-6.051
4990.0,-6.070
5000.0,-6.067
5010.0,-6.045
5020.0,-6.012
5030.0,-5.979
5040.0,-5.963
5050.0,-5.979
5060.0,-6.039
5070.0,-6.150
5080.0,-6.310
5090.0,-6.517
5100.0,-6.771
5110.0,-7.068
5120.0,-7.404
5130.0,-7.769
5140.0,-8.148
5150.0,-8.527
5160.0,-8.892
5170.0,-9.235
5180.0,-9.553
5190.0,-9.840
5200.0,-10.093
5210.0,-10.305
5220.0,-10.472
5230.0,-10.594
5240.0,-10.672
5250.0,-10.708
5260.0,-10.707
5270.0,-10.672
5280.0,-10.603
5290.0,-10.501
5300.0,-10.363
5310.0,-10.191
5320.0,-9.990
5330.0,-9.765
5340.0,-9.522
5350.0,-9.266
5360.0,-9.001
5370.0,-8.726
5380.0,-8.442
5390.0,-8.155
5400.0,-7.876
5410.0,-7.621
5420.0,-7.407
5430.0,-7.243
5440.0,-7.134
5450.0,-7.072
5460.0,-7.046
5470.0,-7.045
5480.0,-7.058
5490.0,-7.076
5500.0,-7.095
