# Elevation profile of Budapest.csv (centreline distance), from FastF1 position Z of the 2025
# qualifying pole laps, smoothed (sigma 20 m), closed and relative to the mean.
s_m,z_m
0.0,10.847
10.0,10.828
20.0,10.815
30.0,10.807
40.0,10.803
50.0,10.802
60.0,10.802
70.0,10.804
80.0,10.809
90.0,10.816
100.0,10.825
110.0,10.831
120.0,10.832
130.0,10.826
140.0,10.818
150.0,10.810
160.0,10.805
170.0,10.802
180.0,10.801
190.0,10.801
200.0,10.801
210.0,10.800
220.0,10.796
230.0,10.785
240.0,10.761
250.0,10.715
260.0,10.645
270.0,10.549
280.0,10.432
290.0,10.300
300.0,10.155
310.0,9.996
320.0,9.821
330.0,9.629
340.0,9.425
350.0,9.213
360.0,8.999
370.0,8.786
380.0,8.577
390.0,8.368
400.0,8.157
410.0,7.942
420.0,7.723
430.0,7.500
440.0,7.278
450.0,7.058
460.0,6.845
470.0,6.639
480.0,6.442
490.0,6.249
500.0,6.055
510.0,5.856
520.0,5.650
530.0,5.436
540.0,5.217
550.0,4.992
560.0,4.756
570.0,4.506
580.0,4.243
590.0,3.970
600.0,3.694
610.0,3.423
620.0,3.161
630.0,2.908
640.0,2.668
650.0,2.444
660.0,2.239
670.0,2.047
680.0,1.861
690.0,1.671
700.0,1.471
710.0,1.260
720.0,1.036
730.0,0.804
740.0,0.569
750.0,0.339
760.0,0.117
770.0,-0.092
780.0,-0.293
790.0,-0.487
800.0,-0.673
810.0,-0.850
820.0,-1.015
830.0,-1.168
840.0,-1.311
850.0,-1.443
860.0,-1.565
870.0,-1.680
880.0,-1.788
890.0,-1.891
900.0,-1.990
910.0,-2.087
920.0,-2.183
930.0,-2.280
940.0,-2.376
950.0,-2.473
960.0,-2.567
970.0,-2.659
980.0,-2.750
990.0,-2.841
1000.0,-2.935
1010.0,-3.035
1020.0,-3.142
1030.0,-3.258
1040.0,-3.386
1050.0,-3.528
1060.0,-3.687
1070.0,-3.867
1080.0,-4.072
1090.0,-4.304
1100.0,-4.573
1110.0,-4.888
1120.0,-5.265
1130.0,-5.713
1140.0,-6.233
1150.0,-6.814
1160.0,-7.436
1170.0,-8.082
1180.0,-8.740
1190.0,-9.414
1200.0,-10.112
1210.0,-10.837
1220.0,-11.577
1230.0,-12.318
1240.0,-13.048
1250.0,-13.762
1260.0,-14.461
1270.0,-15.149
1280.0,-15.824
1290.0,-16.486
1300.0,-17.131
1310.0,-17.756
1320.0,-18.356
1330.0,-18.926
1340.0,-19.467
1350.0,-19.980
1360.0,-20.468
1370.0,-20.930
1380.0,-21.362
1390.0,-21.765
1400.0,-22.136
1410.0,-22.474
1420.0,-22.777
1430.0,-23.040
1440.0,-23.259
1450.0,-23.432
1460.0,-23.562
1470.0,-23.653
1480.0,-23.711
1490.0,-23.737
1500.0,-23.734
1510.0,-23.703
1520.0,-23.644
1530.0,-23.556
1540.0,-23.437
1550.0,-23.286
1560.0,-23.102
1570.0,-22.884
1580.0,-22.636
1590.0,-22.360
1600.0,-22.058
1610.0,-21.731
1620.0,-21.377
1630.0,-20.998
1640.0,-20.593
1650.0,-20.160
1660.0,-19.700
1670.0,-19.211
1680.0,-18.698
1690.0,-18.165
1700.0,-17.620
1710.0,-17.063
1720.0,-16.497
1730.0,-15.920
1740.0,-15.338
1750.0,-14.761
1760.0,-14.202
1770.0,-13.669
1780.0,-13.169
1790.0,-12.707
1800.0,-12.288
1810.0,-11.917
1820.0,-11.594
1830.0,-11.320
1840.0,-11.091
1850.0,-10.906
1860.0,-10.762
1870.0,-10.653
1880.0,-10.573
1890.0,-10.512
1900.0,-10.465
1910.0,-10.427
1920.0,-10.397
1930.0,-10.370
1940.0,-10.346
1950.0,-10.324
1960.0,-10.301
1970.0,-10.276
1980.0,-10.242
1990.0,-10.195
2000.0,-10.133
2010.0,-10.049
2020.0,-9.940
2030.0,-9.796
2040.0,-9.612
2050.0,-9.385
2060.0,-9.118
2070.0,-8.819
2080.0,-8.495
2090.0,-8.148
2100.0,-7.778
2110.0,-7.384
2120.0,-6.966
2130.0,-6.530
2140.0,-6.084
2150.0,-5.637
2160.0,-5.196
2170.0,-4.762
2180.0,-4.334
2190.0,-3.913
2200.0,-3.501
2210.0,-3.104
2220.0,-2.724
2230.0,-2.362
2240.0,-2.020
2250.0,-1.700
2260.0,-1.404
2270.0,-1.133
2280.0,-0.885
2290.0,-0.660
2300.0,-0.455
2310.0,-0.273
2320.0,-0.112
2330.0,0.028
2340.0,0.148
2350.0,0.250
2360.0,0.337
2370.0,0.407
2380.0,0.464
2390.0,0.514
2400.0,0.564
2410.0,0.621
2420.0,0.683
2430.0,0.745
2440.0,0.804
2450.0,0.863
2460.0,0.923
2470.0,0.989
2480.0,1.057
2490.0,1.128
2500.0,1.200
2510.0,1.270
2520.0,1.337
2530.0,1.398
2540.0,1.454
2550.0,1.509
2560.0,1.564
2570.0,1.621
2580.0,1.679
2590.0,1.736
2600.0,1.793
2610.0,1.852
2620.0,1.916
2630.0,1.985
2640.0,2.056
2650.0,2.127
2660.0,2.196
2670.0,2.266
2680.0,2.337
2690.0,2.413
2700.0,2.491
2710.0,2.569
2720.0,2.648
2730.0,2.730
2740.0,2.817
2750.0,2.912
2760.0,3.018
2770.0,3.137
2780.0,3.271
2790.0,3.415
2800.0,3.560
2810.0,3.701
2820.0,3.833
2830.0,3.959
2840.0,4.081
2850.0,4.202
2860.0,4.329
2870.0,4.462
2880.0,4.602
2890.0,4.747
2900.0,4.893
2910.0,5.038
2920.0,5.181
2930.0,5.323
2940.0,5.468
2950.0,5.618
2960.0,5.772
2970.0,5.927
2980.0,6.080
2990.0,6.229
3000.0,6.374
3010.0,6.519
3020.0,6.665
3030.0,6.812
3040.0,6.958
3050.0,7.102
3060.0,7.242
3070.0,7.377
3080.0,7.507
3090.0,7.631
3100.0,7.752
3110.0,7.871
3120.0,7.994
3130.0,8.123
3140.0,8.262
3150.0,8.409
3160.0,8.560
3170.0,8.713
3180.0,8.860
3190.0,8.999
3200.0,9.124
3210.0,9.230
3220.0,9.313
3230.0,9.373
3240.0,9.408
3250.0,9.417
3260.0,9.400
3270.0,9.355
3280.0,9.282
3290.0,9.181
3300.0,9.053
3310.0,8.904
3320.0,8.740
3330.0,8.566
3340.0,8.383
3350.0,8.191
3360.0,7.992
3370.0,7.786
3380.0,7.579
3390.0,7.375
3400.0,7.174
3410.0,6.979
3420.0,6.786
3430.0,6.593
3440.0,6.396
3450.0,6.195
3460.0,5.993
3470.0,5.793
3480.0,5.599
3490.0,5.411
3500.0,5.226
3510.0,5.037
3520.0,4.840
3530.0,4.630
3540.0,4.407
3550.0,4.176
3560.0,3.944
3570.0,3.722
3580.0,3.516
3590.0,3.325
3600.0,3.144
3610.0,2.964
3620.0,2.778
3630.0,2.585
3640.0,2.386
3650.0,2.185
3660.0,1.986
3670.0,1.796
3680.0,1.619
3690.0,1.461
3700.0,1.324
3710.0,1.212
3720.0,1.127
3730.0,1.068
3740.0,1.033
3750.0,1.016
3760.0,1.013
3770.0,1.024
3780.0,1.054
3790.0,1.108
3800.0,1.195
3810.0,1.317
3820.0,1.473
3830.0,1.658
3840.0,1.867
3850.0,2.102
3860.0,2.364
3870.0,2.659
3880.0,2.986
3890.0,3.343
3900.0,3.727
3910.0,4.127
3920.0,4.537
3930.0,4.949
3940.0,5.358
3950.0,5.765
3960.0,6.169
3970.0,6.570
3980.0,6.967
3990.0,7.358
4000.0,7.737
4010.0,8.094
4020.0,8.420
4030.0,8.711
4040.0,8.967
4050.0,9.195
4060.0,9.401
4070.0,9.593
4080.0,9.776
4090.0,9.947
4100.0,10.104
4110.0,10.242
4120.0,10.357
4130.0,10.450
4140.0,10.524
4150.0,10.582
4160.0,10.629
4170.0,10.670
4180.0,10.706
4190.0,10.743
4200.0,10.781
4210.0,10.820
4220.0,10.857
4230.0,10.889
4240.0,10.917
4250.0,10.942
4260.0,10.963
4270.0,10.979
4280.0,10.986
4290.0,10.983
4300.0,10.972
4310.0,10.954
4320.0,10.935
4330.0,10.918
4340.0,10.905
4350.0,10.892
4360.0,10.878
4370.0,10.860
