# Elevation profile of MexicoCity.csv (centreline distance), from FastF1 position Z of the 2024, 2025
# qualifying pole laps, smoothed (sigma 20 m), closed and relative to the mean.
s_m,z_m
0.0,-0.101
10.0,-0.101
20.0,-0.101
30.0,-0.100
40.0,-0.100
50.0,-0.100
60.0,-0.100
70.0,-0.100
80.0,-0.099
90.0,-0.099
100.0,-0.099
110.0,-0.099
120.0,-0.098
130.0,-0.099
140.0,-0.100
150.0,-0.103
160.0,-0.110
170.0,-0.121
180.0,-0.136
190.0,-0.154
200.0,-0.171
210.0,-0.183
220.0,-0.190
230.0,-0.194
240.0,-0.195
250.0,-0.195
260.0,-0.195
270.0,-0.195
280.0,-0.194
290.0,-0.194
300.0,-0.194
310.0,-0.194
320.0,-0.194
330.0,-0.194
340.0,-0.194
350.0,-0.197
360.0,-0.200
370.0,-0.205
380.0,-0.211
390.0,-0.216
400.0,-0.222
410.0,-0.231
420.0,-0.242
430.0,-0.253
440.0,-0.262
450.0,-0.265
460.0,-0.265
470.0,-0.265
480.0,-0.267
490.0,-0.272
500.0,-0.279
510.0,-0.286
520.0,-0.294
530.0,-0.304
540.0,-0.317
550.0,-0.333
560.0,-0.349
570.0,-0.364
580.0,-0.375
590.0,-0.382
600.0,-0.385
610.0,-0.386
620.0,-0.386
630.0,-0.386
640.0,-0.386
650.0,-0.385
660.0,-0.385
670.0,-0.385
680.0,-0.385
690.0,-0.384
700.0,-0.384
710.0,-0.384
720.0,-0.384
730.0,-0.383
740.0,-0.383
750.0,-0.383
760.0,-0.383
770.0,-0.382
780.0,-0.382
790.0,-0.383
800.0,-0.385
810.0,-0.391
820.0,-0.405
830.0,-0.429
840.0,-0.462
850.0,-0.499
860.0,-0.530
870.0,-0.548
880.0,-0.551
890.0,-0.537
900.0,-0.511
910.0,-0.477
920.0,-0.445
930.0,-0.421
940.0,-0.412
950.0,-0.421
960.0,-0.446
970.0,-0.481
980.0,-0.517
990.0,-0.545
1000.0,-0.563
1010.0,-0.571
1020.0,-0.573
1030.0,-0.570
1040.0,-0.560
1050.0,-0.543
1060.0,-0.523
1070.0,-0.507
1080.0,-0.504
1090.0,-0.513
1100.0,-0.526
1110.0,-0.531
1120.0,-0.519
1130.0,-0.491
1140.0,-0.454
1150.0,-0.421
1160.0,-0.396
1170.0,-0.382
1180.0,-0.375
1190.0,-0.373
1200.0,-0.372
1210.0,-0.372
1220.0,-0.371
1230.0,-0.371
1240.0,-0.371
1250.0,-0.371
1260.0,-0.370
1270.0,-0.370
1280.0,-0.370
1290.0,-0.370
1300.0,-0.369
1310.0,-0.366
1320.0,-0.360
1330.0,-0.349
1340.0,-0.332
1350.0,-0.313
1360.0,-0.292
1370.0,-0.274
1380.0,-0.256
1390.0,-0.236
1400.0,-0.211
1410.0,-0.182
1420.0,-0.151
1430.0,-0.122
1440.0,-0.099
1450.0,-0.083
1460.0,-0.073
1470.0,-0.068
1480.0,-0.066
1490.0,-0.065
1500.0,-0.065
1510.0,-0.064
1520.0,-0.064
1530.0,-0.063
1540.0,-0.060
1550.0,-0.055
1560.0,-0.046
1570.0,-0.034
1580.0,-0.021
1590.0,-0.012
1600.0,-0.005
1610.0,0.003
1620.0,0.019
1630.0,0.049
1640.0,0.092
1650.0,0.142
1660.0,0.195
1670.0,0.245
1680.0,0.290
1690.0,0.331
1700.0,0.366
1710.0,0.394
1720.0,0.418
1730.0,0.438
1740.0,0.461
1750.0,0.492
1760.0,0.535
1770.0,0.590
1780.0,0.653
1790.0,0.720
1800.0,0.787
1810.0,0.851
1820.0,0.912
1830.0,0.975
1840.0,1.042
1850.0,1.116
1860.0,1.191
1870.0,1.260
1880.0,1.322
1890.0,1.381
1900.0,1.443
1910.0,1.510
1920.0,1.582
1930.0,1.652
1940.0,1.715
1950.0,1.766
1960.0,1.807
1970.0,1.839
1980.0,1.864
1990.0,1.883
2000.0,1.892
2010.0,1.886
2020.0,1.865
2030.0,1.832
2040.0,1.793
2050.0,1.753
2060.0,1.714
2070.0,1.675
2080.0,1.633
2090.0,1.588
2100.0,1.540
2110.0,1.492
2120.0,1.444
2130.0,1.395
2140.0,1.342
2150.0,1.283
2160.0,1.219
2170.0,1.151
2180.0,1.082
2190.0,1.017
2200.0,0.956
2210.0,0.899
2220.0,0.839
2230.0,0.774
2240.0,0.705
2250.0,0.633
2260.0,0.563
2270.0,0.499
2280.0,0.442
2290.0,0.391
2300.0,0.344
2310.0,0.301
2320.0,0.262
2330.0,0.226
2340.0,0.190
2350.0,0.149
2360.0,0.104
2370.0,0.060
2380.0,0.026
2390.0,0.009
2400.0,0.017
2410.0,0.052
2420.0,0.105
2430.0,0.167
2440.0,0.224
2450.0,0.268
2460.0,0.294
2470.0,0.300
2480.0,0.282
2490.0,0.243
2500.0,0.185
2510.0,0.119
2520.0,0.055
2530.0,-0.000
2540.0,-0.043
2550.0,-0.072
2560.0,-0.089
2570.0,-0.095
2580.0,-0.089
2590.0,-0.076
2600.0,-0.062
2610.0,-0.050
2620.0,-0.043
2630.0,-0.039
2640.0,-0.039
2650.0,-0.041
2660.0,-0.048
2670.0,-0.060
2680.0,-0.076
2690.0,-0.094
2700.0,-0.109
2710.0,-0.117
2720.0,-0.115
2730.0,-0.105
2740.0,-0.088
2750.0,-0.069
2760.0,-0.053
2770.0,-0.044
2780.0,-0.043
2790.0,-0.049
2800.0,-0.062
2810.0,-0.080
2820.0,-0.097
2830.0,-0.109
2840.0,-0.112
2850.0,-0.106
2860.0,-0.092
2870.0,-0.074
2880.0,-0.056
2890.0,-0.044
2900.0,-0.036
2910.0,-0.032
2920.0,-0.030
2930.0,-0.030
2940.0,-0.030
2950.0,-0.029
2960.0,-0.029
2970.0,-0.029
2980.0,-0.029
2990.0,-0.029
3000.0,-0.030
3010.0,-0.034
3020.0,-0.039
3030.0,-0.047
3040.0,-0.055
3050.0,-0.061
3060.0,-0.063
3070.0,-0.059
3080.0,-0.052
3090.0,-0.044
3100.0,-0.036
3110.0,-0.030
3120.0,-0.027
3130.0,-0.025
3140.0,-0.025
3150.0,-0.024
3160.0,-0.024
3170.0,-0.024
3180.0,-0.024
3190.0,-0.025
3200.0,-0.027
3210.0,-0.033
3220.0,-0.043
3230.0,-0.059
3240.0,-0.079
3250.0,-0.100
3260.0,-0.120
3270.0,-0.135
3280.0,-0.144
3290.0,-0.146
3300.0,-0.141
3310.0,-0.129
3320.0,-0.112
3330.0,-0.092
3340.0,-0.071
3350.0,-0.051
3360.0,-0.034
3370.0,-0.020
3380.0,-0.006
3390.0,0.008
3400.0,0.016
3410.0,0.005
3420.0,-0.040
3430.0,-0.125
3440.0,-0.239
3450.0,-0.357
3460.0,-0.449
3470.0,-0.493
3480.0,-0.491
3490.0,-0.456
3500.0,-0.407
3510.0,-0.358
3520.0,-0.313
3530.0,-0.268
3540.0,-0.218
3550.0,-0.161
3560.0,-0.101
3570.0,-0.047
3580.0,-0.010
3590.0,0.000
3600.0,-0.015
3610.0,-0.043
3620.0,-0.068
3630.0,-0.074
3640.0,-0.059
3650.0,-0.031
3660.0,-0.005
3670.0,0.008
3680.0,0.005
3690.0,-0.010
3700.0,-0.032
3710.0,-0.060
3720.0,-0.099
3730.0,-0.157
3740.0,-0.238
3750.0,-0.335
3760.0,-0.435
3770.0,-0.522
3780.0,-0.581
3790.0,-0.600
3800.0,-0.576
3810.0,-0.515
3820.0,-0.436
3830.0,-0.360
3840.0,-0.307
3850.0,-0.282
3860.0,-0.283
3870.0,-0.302
3880.0,-0.333
3890.0,-0.373
3900.0,-0.421
3910.0,-0.473
3920.0,-0.525
3930.0,-0.575
3940.0,-0.619
3950.0,-0.657
3960.0,-0.683
3970.0,-0.692
3980.0,-0.681
3990.0,-0.652
4000.0,-0.610
4010.0,-0.560
4020.0,-0.507
4030.0,-0.450
4040.0,-0.392
4050.0,-0.334
4060.0,-0.279
4070.0,-0.230
4080.0,-0.189
4090.0,-0.156
4100.0,-0.132
4110.0,-0.118
4120.0,-0.109
4130.0,-0.103
4140.0,-0.095
4150.0,-0.084
4160.0,-0.070
4170.0,-0.056
4180.0,-0.048
4190.0,-0.049
4200.0,-0.060
4210.0,-0.074
4220.0,-0.087
4230.0,-0.095
4240.0,-0.100
4250.0,-0.102
4260.0,-0.102
4270.0,-0.102
4280.0,-0.102
4290.0,-0.101
