# Elevation profile of montreal.csv (centreline distance), from FastF1 position Z of the 2024, 2025
# qualifying pole laps, smoothed (sigma 20 m), closed and relative to the mean.
s_m,z_m
0.0,-1.856
10.0,-1.837
20.0,-1.814
30.0,-1.785
40.0,-1.751
50.0,-1.718
60.0,-1.691
70.0,-1.672
80.0,-1.657
90.0,-1.639
100.0,-1.616
110.0,-1.588
120.0,-1.558
130.0,-1.526
140.0,-1.495
150.0,-1.463
160.0,-1.429
170.0,-1.390
180.0,-1.346
190.0,-1.299
200.0,-1.250
210.0,-1.204
220.0,-1.165
230.0,-1.139
240.0,-1.128
250.0,-1.124
260.0,-1.118
270.0,-1.101
280.0,-1.075
290.0,-1.045
300.0,-1.017
310.0,-0.992
320.0,-0.966
330.0,-0.926
340.0,-0.858
350.0,-0.751
360.0,-0.600
370.0,-0.406
380.0,-0.169
390.0,0.110
400.0,0.428
410.0,0.777
420.0,1.141
430.0,1.499
440.0,1.830
450.0,2.123
460.0,2.373
470.0,2.586
480.0,2.771
490.0,2.935
500.0,3.073
510.0,3.176
520.0,3.239
530.0,3.264
540.0,3.261
550.0,3.238
560.0,3.206
570.0,3.174
580.0,3.148
590.0,3.130
600.0,3.119
610.0,3.114
620.0,3.112
630.0,3.111
640.0,3.110
650.0,3.109
660.0,3.106
670.0,3.100
680.0,3.086
690.0,3.056
700.0,3.002
710.0,2.918
720.0,2.802
730.0,2.654
740.0,2.476
750.0,2.268
760.0,2.027
770.0,1.750
780.0,1.431
790.0,1.072
800.0,0.688
810.0,0.299
820.0,-0.072
830.0,-0.408
840.0,-0.697
850.0,-0.936
860.0,-1.125
870.0,-1.271
880.0,-1.381
890.0,-1.459
900.0,-1.506
910.0,-1.529
920.0,-1.535
930.0,-1.532
940.0,-1.525
950.0,-1.515
960.0,-1.501
970.0,-1.486
980.0,-1.470
990.0,-1.455
1000.0,-1.446
1010.0,-1.445
1020.0,-1.453
1030.0,-1.468
1040.0,-1.485
1050.0,-1.499
1060.0,-1.511
1070.0,-1.520
1080.0,-1.530
1090.0,-1.542
1100.0,-1.557
1110.0,-1.571
1120.0,-1.578
1130.0,-1.572
1140.0,-1.550
1150.0,-1.509
1160.0,-1.450
1170.0,-1.371
1180.0,-1.270
1190.0,-1.147
1200.0,-1.008
1210.0,-0.859
1220.0,-0.706
1230.0,-0.550
1240.0,-0.383
1250.0,-0.202
1260.0,-0.010
1270.0,0.184
1280.0,0.373
1290.0,0.554
1300.0,0.729
1310.0,0.901
1320.0,1.068
1330.0,1.227
1340.0,1.374
1350.0,1.507
1360.0,1.621
1370.0,1.714
1380.0,1.785
1390.0,1.837
1400.0,1.876
1410.0,1.905
1420.0,1.928
1430.0,1.945
1440.0,1.954
1450.0,1.956
1460.0,1.952
1470.0,1.948
1480.0,1.947
1490.0,1.954
1500.0,1.966
1510.0,1.979
1520.0,1.986
1530.0,1.978
1540.0,1.949
1550.0,1.899
1560.0,1.833
1570.0,1.758
1580.0,1.686
1590.0,1.627
1600.0,1.588
1610.0,1.573
1620.0,1.582
1630.0,1.607
1640.0,1.641
1650.0,1.678
1660.0,1.714
1670.0,1.750
1680.0,1.781
1690.0,1.802
1700.0,1.809
1710.0,1.803
1720.0,1.791
1730.0,1.782
1740.0,1.782
1750.0,1.792
1760.0,1.803
1770.0,1.809
1780.0,1.804
1790.0,1.790
1800.0,1.774
1810.0,1.764
1820.0,1.763
1830.0,1.772
1840.0,1.788
1850.0,1.807
1860.0,1.826
1870.0,1.844
1880.0,1.860
1890.0,1.874
1900.0,1.880
1910.0,1.878
1920.0,1.869
1930.0,1.859
1940.0,1.855
1950.0,1.861
1960.0,1.873
1970.0,1.887
1980.0,1.897
1990.0,1.902
2000.0,1.902
2010.0,1.901
2020.0,1.896
2030.0,1.882
2040.0,1.852
2050.0,1.802
2060.0,1.734
2070.0,1.653
2080.0,1.568
2090.0,1.488
2100.0,1.418
2110.0,1.363
2120.0,1.322
2130.0,1.296
2140.0,1.283
2150.0,1.281
2160.0,1.285
2170.0,1.289
2180.0,1.289
2190.0,1.286
2200.0,1.279
2210.0,1.270
2220.0,1.260
2230.0,1.249
2240.0,1.244
2250.0,1.246
2260.0,1.251
2270.0,1.255
2280.0,1.255
2290.0,1.255
2300.0,1.258
2310.0,1.265
2320.0,1.272
2330.0,1.277
2340.0,1.280
2350.0,1.283
2360.0,1.286
2370.0,1.290
2380.0,1.293
2390.0,1.294
2400.0,1.295
2410.0,1.294
2420.0,1.294
2430.0,1.292
2440.0,1.288
2450.0,1.282
2460.0,1.270
2470.0,1.252
2480.0,1.231
2490.0,1.208
2500.0,1.185
2510.0,1.163
2520.0,1.143
2530.0,1.125
2540.0,1.109
2550.0,1.098
2560.0,1.090
2570.0,1.086
2580.0,1.084
2590.0,1.083
2600.0,1.082
2610.0,1.081
2620.0,1.080
2630.0,1.077
2640.0,1.070
2650.0,1.058
2660.0,1.040
2670.0,1.018
2680.0,0.994
2690.0,0.972
2700.0,0.954
2710.0,0.939
2720.0,0.926
2730.0,0.914
2740.0,0.902
2750.0,0.891
2760.0,0.882
2770.0,0.876
2780.0,0.872
2790.0,0.869
2800.0,0.865
2810.0,0.855
2820.0,0.836
2830.0,0.801
2840.0,0.747
2850.0,0.674
2860.0,0.584
2870.0,0.482
2880.0,0.374
2890.0,0.267
2900.0,0.169
2910.0,0.089
2920.0,0.031
2930.0,-0.007
2940.0,-0.027
2950.0,-0.036
2960.0,-0.040
2970.0,-0.042
2980.0,-0.044
2990.0,-0.047
3000.0,-0.054
3010.0,-0.067
3020.0,-0.088
3030.0,-0.116
3040.0,-0.153
3050.0,-0.197
3060.0,-0.253
3070.0,-0.322
3080.0,-0.409
3090.0,-0.514
3100.0,-0.635
3110.0,-0.765
3120.0,-0.897
3130.0,-1.025
3140.0,-1.142
3150.0,-1.246
3160.0,-1.335
3170.0,-1.408
3180.0,-1.466
3190.0,-1.510
3200.0,-1.543
3210.0,-1.570
3220.0,-1.594
3230.0,-1.615
3240.0,-1.632
3250.0,-1.645
3260.0,-1.653
3270.0,-1.659
3280.0,-1.662
3290.0,-1.666
3300.0,-1.673
3310.0,-1.684
3320.0,-1.701
3330.0,-1.722
3340.0,-1.746
3350.0,-1.768
3360.0,-1.787
3370.0,-1.805
3380.0,-1.821
3390.0,-1.836
3400.0,-1.850
3410.0,-1.863
3420.0,-1.875
3430.0,-1.889
3440.0,-1.905
3450.0,-1.924
3460.0,-1.943
3470.0,-1.959
3480.0,-1.972
3490.0,-1.984
3500.0,-1.996
3510.0,-2.011
3520.0,-2.025
3530.0,-2.038
3540.0,-2.046
3550.0,-2.050
3560.0,-2.053
3570.0,-2.058
3580.0,-2.064
3590.0,-2.070
3600.0,-2.075
3610.0,-2.076
3620.0,-2.071
3630.0,-2.060
3640.0,-2.045
3650.0,-2.028
3660.0,-2.012
3670.0,-2.000
3680.0,-1.993
3690.0,-1.987
3700.0,-1.981
3710.0,-1.972
3720.0,-1.958
3730.0,-1.940
3740.0,-1.920
3750.0,-1.901
3760.0,-1.883
3770.0,-1.864
3780.0,-1.844
3790.0,-1.821
3800.0,-1.794
3810.0,-1.763
3820.0,-1.729
3830.0,-1.691
3840.0,-1.652
3850.0,-1.614
3860.0,-1.580
3870.0,-1.553
3880.0,-1.534
3890.0,-1.525
3900.0,-1.525
3910.0,-1.537
3920.0,-1.560
3930.0,-1.592
3940.0,-1.632
3950.0,-1.678
3960.0,-1.730
3970.0,-1.785
3980.0,-1.838
3990.0,-1.889
4000.0,-1.936
4010.0,-1.980
4020.0,-2.019
4030.0,-2.047
4040.0,-2.061
4050.0,-2.061
4060.0,-2.052
4070.0,-2.039
4080.0,-2.028
4090.0,-2.018
4100.0,-2.010
4110.0,-2.000
4120.0,-1.986
4130.0,-1.969
4140.0,-1.952
4150.0,-1.938
4160.0,-1.929
4170.0,-1.924
4180.0,-1.922
4190.0,-1.922
4200.0,-1.922
4210.0,-1.923
4220.0,-1.923
4230.0,-1.924
4240.0,-1.925
4250.0,-1.925
4260.0,-1.926
4270.0,-1.927
4280.0,-1.927
4290.0,-1.927
4300.0,-1.927
4310.0,-1.923
4320.0,-1.917
4330.0,-1.905
4340.0,-1.889
4350.0,-1.871
