# Elevation profile of Monza.csv (centreline distance), from FastF1 position Z of the 2024, 2025
# qualifying pole laps, smoothed (sigma 20 m), closed and relative to the mean.
s_m,z_m
0.0,-3.616
10.0,-3.575
20.0,-3.539
30.0,-3.502
40.0,-3.461
50.0,-3.416
60.0,-3.366
70.0,-3.314
80.0,-3.263
90.0,-3.212
100.0,-3.161
110.0,-3.108
120.0,-3.055
130.0,-3.003
140.0,-2.955
150.0,-2.907
160.0,-2.860
170.0,-2.812
180.0,-2.761
190.0,-2.708
200.0,-2.654
210.0,-2.599
220.0,-2.545
230.0,-2.491
240.0,-2.437
250.0,-2.385
260.0,-2.335
270.0,-2.287
280.0,-2.242
290.0,-2.198
300.0,-2.154
310.0,-2.107
320.0,-2.054
330.0,-1.998
340.0,-1.941
350.0,-1.887
360.0,-1.837
370.0,-1.792
380.0,-1.747
390.0,-1.700
400.0,-1.649
410.0,-1.596
420.0,-1.541
430.0,-1.488
440.0,-1.434
450.0,-1.380
460.0,-1.324
470.0,-1.267
480.0,-1.210
490.0,-1.155
500.0,-1.103
510.0,-1.055
520.0,-1.010
530.0,-0.968
540.0,-0.928
550.0,-0.887
560.0,-0.846
570.0,-0.801
580.0,-0.754
590.0,-0.706
600.0,-0.658
610.0,-0.609
620.0,-0.559
630.0,-0.508
640.0,-0.456
650.0,-0.402
660.0,-0.348
670.0,-0.294
680.0,-0.239
690.0,-0.184
700.0,-0.129
710.0,-0.074
720.0,-0.018
730.0,0.040
740.0,0.100
750.0,0.162
760.0,0.225
770.0,0.287
780.0,0.346
790.0,0.401
800.0,0.450
810.0,0.496
820.0,0.539
830.0,0.582
840.0,0.626
850.0,0.674
860.0,0.726
870.0,0.783
880.0,0.845
890.0,0.913
900.0,0.983
910.0,1.055
920.0,1.125
930.0,1.192
940.0,1.257
950.0,1.320
960.0,1.383
970.0,1.448
980.0,1.517
990.0,1.589
1000.0,1.662
1010.0,1.730
1020.0,1.791
1030.0,1.845
1040.0,1.892
1050.0,1.936
1060.0,1.982
1070.0,2.032
1080.0,2.087
1090.0,2.147
1100.0,2.208
1110.0,2.268
1120.0,2.327
1130.0,2.383
1140.0,2.434
1150.0,2.483
1160.0,2.532
1170.0,2.581
1180.0,2.632
1190.0,2.681
1200.0,2.727
1210.0,2.767
1220.0,2.805
1230.0,2.842
1240.0,2.879
1250.0,2.913
1260.0,2.941
1270.0,2.962
1280.0,2.977
1290.0,2.988
1300.0,2.999
1310.0,3.012
1320.0,3.025
1330.0,3.035
1340.0,3.039
1350.0,3.037
1360.0,3.031
1370.0,3.028
1380.0,3.029
1390.0,3.036
1400.0,3.044
1410.0,3.052
1420.0,3.060
1430.0,3.072
1440.0,3.090
1450.0,3.113
1460.0,3.137
1470.0,3.158
1480.0,3.174
1490.0,3.184
1500.0,3.193
1510.0,3.204
1520.0,3.221
1530.0,3.247
1540.0,3.283
1550.0,3.325
1560.0,3.371
1570.0,3.416
1580.0,3.460
1590.0,3.503
1600.0,3.548
1610.0,3.599
1620.0,3.658
1630.0,3.722
1640.0,3.790
1650.0,3.861
1660.0,3.935
1670.0,4.014
1680.0,4.098
1690.0,4.187
1700.0,4.277
1710.0,4.366
1720.0,4.452
1730.0,4.534
1740.0,4.613
1750.0,4.693
1760.0,4.772
1770.0,4.851
1780.0,4.929
1790.0,5.006
1800.0,5.082
1810.0,5.156
1820.0,5.227
1830.0,5.298
1840.0,5.370
1850.0,5.443
1860.0,5.517
1870.0,5.589
1880.0,5.657
1890.0,5.723
1900.0,5.786
1910.0,5.849
1920.0,5.909
1930.0,5.965
1940.0,6.013
1950.0,6.051
1960.0,6.077
1970.0,6.091
1980.0,6.099
1990.0,6.102
2000.0,6.103
2010.0,6.103
2020.0,6.103
2030.0,6.101
2040.0,6.097
2050.0,6.088
2060.0,6.074
2070.0,6.055
2080.0,6.033
2090.0,6.010
2100.0,5.985
2110.0,5.954
2120.0,5.916
2130.0,5.870
2140.0,5.819
2150.0,5.764
2160.0,5.709
2170.0,5.655
2180.0,5.605
2190.0,5.562
2200.0,5.528
2210.0,5.498
2220.0,5.466
2230.0,5.427
2240.0,5.380
2250.0,5.328
2260.0,5.272
2270.0,5.216
2280.0,5.158
2290.0,5.101
2300.0,5.044
2310.0,4.987
2320.0,4.930
2330.0,4.875
2340.0,4.823
2350.0,4.775
2360.0,4.730
2370.0,4.686
2380.0,4.639
2390.0,4.589
2400.0,4.539
2410.0,4.495
2420.0,4.459
2430.0,4.431
2440.0,4.406
2450.0,4.372
2460.0,4.319
2470.0,4.240
2480.0,4.138
2490.0,4.019
2500.0,3.896
2510.0,3.779
2520.0,3.671
2530.0,3.573
2540.0,3.486
2550.0,3.408
2560.0,3.339
2570.0,3.279
2580.0,3.225
2590.0,3.178
2600.0,3.141
2610.0,3.116
2620.0,3.103
2630.0,3.096
2640.0,3.087
2650.0,3.070
2660.0,3.041
2670.0,3.000
2680.0,2.951
2690.0,2.900
2700.0,2.849
2710.0,2.803
2720.0,2.768
2730.0,2.744
2740.0,2.730
2750.0,2.720
2760.0,2.710
2770.0,2.697
2780.0,2.680
2790.0,2.662
2800.0,2.648
2810.0,2.637
2820.0,2.629
2830.0,2.617
2840.0,2.594
2850.0,2.554
2860.0,2.498
2870.0,2.435
2880.0,2.376
2890.0,2.335
2900.0,2.317
2910.0,2.321
2920.0,2.336
2930.0,2.346
2940.0,2.339
2950.0,2.308
2960.0,2.257
2970.0,2.193
2980.0,2.124
2990.0,2.057
3000.0,1.998
3010.0,1.952
3020.0,1.921
3030.0,1.906
3040.0,1.903
3050.0,1.908
3060.0,1.915
3070.0,1.918
3080.0,1.914
3090.0,1.905
3100.0,1.891
3110.0,1.877
3120.0,1.866
3130.0,1.861
3140.0,1.863
3150.0,1.871
3160.0,1.884
3170.0,1.898
3180.0,1.912
3190.0,1.924
3200.0,1.935
3210.0,1.946
3220.0,1.960
3230.0,1.980
3240.0,2.007
3250.0,2.040
3260.0,2.075
3270.0,2.105
3280.0,2.124
3290.0,2.131
3300.0,2.126
3310.0,2.112
3320.0,2.088
3330.0,2.047
3340.0,1.984
3350.0,1.891
3360.0,1.768
3370.0,1.617
3380.0,1.443
3390.0,1.251
3400.0,1.048
3410.0,0.836
3420.0,0.617
3430.0,0.389
3440.0,0.154
3450.0,-0.087
3460.0,-0.331
3470.0,-0.576
3480.0,-0.819
3490.0,-1.061
3500.0,-1.298
3510.0,-1.531
3520.0,-1.756
3530.0,-1.973
3540.0,-2.178
3550.0,-2.365
3560.0,-2.527
3570.0,-2.656
3580.0,-2.751
3590.0,-2.816
3600.0,-2.858
3610.0,-2.884
3620.0,-2.894
3630.0,-2.885
3640.0,-2.852
3650.0,-2.792
3660.0,-2.703
3670.0,-2.589
3680.0,-2.456
3690.0,-2.312
3700.0,-2.164
3710.0,-2.013
3720.0,-1.857
3730.0,-1.696
3740.0,-1.531
3750.0,-1.367
3760.0,-1.209
3770.0,-1.062
3780.0,-0.924
3790.0,-0.796
3800.0,-0.673
3810.0,-0.551
3820.0,-0.429
3830.0,-0.310
3840.0,-0.196
3850.0,-0.092
3860.0,-0.001
3870.0,0.078
3880.0,0.146
3890.0,0.204
3900.0,0.253
3910.0,0.292
3920.0,0.318
3930.0,0.328
3940.0,0.322
3950.0,0.301
3960.0,0.268
3970.0,0.230
3980.0,0.191
3990.0,0.154
4000.0,0.118
4010.0,0.081
4020.0,0.040
4030.0,-0.006
4040.0,-0.059
4050.0,-0.122
4060.0,-0.192
4070.0,-0.266
4080.0,-0.339
4090.0,-0.407
4100.0,-0.470
4110.0,-0.525
4120.0,-0.573
4130.0,-0.613
4140.0,-0.644
4150.0,-0.670
4160.0,-0.692
4170.0,-0.713
4180.0,-0.736
4190.0,-0.764
4200.0,-0.796
4210.0,-0.834
4220.0,-0.877
4230.0,-0.923
4240.0,-0.971
4250.0,-1.019
4260.0,-1.066
4270.0,-1.114
4280.0,-1.161
4290.0,-1.209
4300.0,-1.257
4310.0,-1.305
4320.0,-1.354
4330.0,-1.404
4340.0,-1.457
4350.0,-1.515
4360.0,-1.578
4370.0,-1.648
4380.0,-1.721
4390.0,-1.795
4400.0,-1.866
4410.0,-1.933
4420.0,-1.995
4430.0,-2.054
4440.0,-2.113
4450.0,-2.174
4460.0,-2.238
4470.0,-2.304
4480.0,-2.371
4490.0,-2.438
4500.0,-2.506
4510.0,-2.573
4520.0,-2.639
4530.0,-2.702
4540.0,-2.760
4550.0,-2.814
4560.0,-2.866
4570.0,-2.917
4580.0,-2.968
4590.0,-3.019
4600.0,-3.070
4610.0,-3.123
4620.0,-3.177
4630.0,-3.233
4640.0,-3.290
4650.0,-3.348
4660.0,-3.406
4670.0,-3.465
4680.0,-3.525
4690.0,-3.584
4700.0,-3.642
4710.0,-3.699
4720.0,-3.757
4730.0,-3.816
4740.0,-3.873
4750.0,-3.925
4760.0,-3.971
4770.0,-4.014
4780.0,-4.060
4790.0,-4.111
4800.0,-4.166
4810.0,-4.222
4820.0,-4.277
4830.0,-4.328
4840.0,-4.377
4850.0,-4.426
4860.0,-4.477
4870.0,-4.531
4880.0,-4.590
4890.0,-4.653
4900.0,-4.717
4910.0,-4.781
4920.0,-4.841
4930.0,-4.895
4940.0,-4.944
4950.0,-4.990
4960.0,-5.038
4970.0,-5.090
4980.0,-5.148
4990.0,-5.208
5000.0,-5.267
5010.0,-5.322
5020.0,-5.371
5030.0,-5.414
5040.0,-5.454
5050.0,-5.494
5060.0,-5.533
5070.0,-5.572
5080.0,-5.609
5090.0,-5.646
5100.0,-5.683
5110.0,-5.723
5120.0,-5.769
5130.0,-5.826
5140.0,-5.894
5150.0,-5.968
5160.0,-6.039
5170.0,-6.099
5180.0,-6.142
5190.0,-6.170
5200.0,-6.186
5210.0,-6.196
5220.0,-6.201
5230.0,-6.204
5240.0,-6.203
5250.0,-6.198
5260.0,-6.189
5270.0,-6.178
5280.0,-6.166
5290.0,-6.154
5300.0,-6.140
5310.0,-6.124
5320.0,-6.106
5330.0,-6.085
5340.0,-6.060
5350.0,-6.032
5360.0,-5.999
5370.0,-5.962
5380.0,-5.921
5390.0,-5.876
5400.0,-5.827
5410.0,-5.777
5420.0,-5.727
5430.0,-5.677
5440.0,-5.627
5450.0,-5.575
5460.0,-5.520
5470.0,-5.463
5480.0,-5.405
5490.0,-5.346
5500.0,-5.286
5510.0,-5.227
5520.0,-5.169
5530.0,-5.112
5540.0,-5.059
5550.0,-5.009
5560.0,-4.962
5570.0,-4.915
5580.0,-4.866
5590.0,-4.815
5600.0,-4.761
5610.0,-4.705
5620.0,-4.646
5630.0,-4.586
5640.0,-4.526
5650.0,-4.467
5660.0,-4.410
5670.0,-4.354
5680.0,-4.297
5690.0,-4.242
5700.0,-4.187
5710.0,-4.130
5720.0,-4.068
5730.0,-4.001
5740.0,-3.930
5750.0,-3.858
5760.0,-3.788
5770.0,-3.723
5780.0,-3.666
5790.0,-3.617
