# Elevation profile of Sakhir.csv (centreline distance), from FastF1 position Z of the 2024, 2025
# qualifying pole laps, smoothed (sigma 20 m), closed and relative to the mean.
s_m,z_m
0.0,-6.044
10.0,-6.043
20.0,-6.043
30.0,-6.041
40.0,-6.038
50.0,-6.034
60.0,-6.031
70.0,-6.031
80.0,-6.033
90.0,-6.035
100.0,-6.036
110.0,-6.033
120.0,-6.029
130.0,-6.024
140.0,-6.020
150.0,-6.019
160.0,-6.018
170.0,-6.016
180.0,-6.011
190.0,-6.006
200.0,-6.000
210.0,-5.994
220.0,-5.988
230.0,-5.981
240.0,-5.976
250.0,-5.974
260.0,-5.975
270.0,-5.975
280.0,-5.973
290.0,-5.967
300.0,-5.960
310.0,-5.954
320.0,-5.950
330.0,-5.948
340.0,-5.947
350.0,-5.945
360.0,-5.940
370.0,-5.927
380.0,-5.902
390.0,-5.861
400.0,-5.801
410.0,-5.728
420.0,-5.646
430.0,-5.560
440.0,-5.474
450.0,-5.389
460.0,-5.304
470.0,-5.219
480.0,-5.133
490.0,-5.047
500.0,-4.960
510.0,-4.873
520.0,-4.784
530.0,-4.693
540.0,-4.602
550.0,-4.511
560.0,-4.420
570.0,-4.327
580.0,-4.236
590.0,-4.147
600.0,-4.064
610.0,-3.985
620.0,-3.910
630.0,-3.836
640.0,-3.762
650.0,-3.686
660.0,-3.608
670.0,-3.529
680.0,-3.447
690.0,-3.365
700.0,-3.285
710.0,-3.215
720.0,-3.169
730.0,-3.164
740.0,-3.214
750.0,-3.322
760.0,-3.480
770.0,-3.670
780.0,-3.872
790.0,-4.065
800.0,-4.237
810.0,-4.378
820.0,-4.477
830.0,-4.524
840.0,-4.511
850.0,-4.436
860.0,-4.302
870.0,-4.118
880.0,-3.893
890.0,-3.637
900.0,-3.360
910.0,-3.066
920.0,-2.763
930.0,-2.454
940.0,-2.142
950.0,-1.829
960.0,-1.515
970.0,-1.200
980.0,-0.885
990.0,-0.571
1000.0,-0.257
1010.0,0.055
1020.0,0.362
1030.0,0.662
1040.0,0.950
1050.0,1.227
1060.0,1.492
1070.0,1.746
1080.0,1.986
1090.0,2.213
1100.0,2.427
1110.0,2.630
1120.0,2.825
1130.0,3.016
1140.0,3.202
1150.0,3.384
1160.0,3.565
1170.0,3.745
1180.0,3.926
1190.0,4.111
1200.0,4.299
1210.0,4.491
1220.0,4.684
1230.0,4.879
1240.0,5.074
1250.0,5.268
1260.0,5.457
1270.0,5.641
1280.0,5.821
1290.0,6.001
1300.0,6.183
1310.0,6.369
1320.0,6.558
1330.0,6.749
1340.0,6.938
1350.0,7.126
1360.0,7.313
1370.0,7.497
1380.0,7.680
1390.0,7.862
1400.0,8.045
1410.0,8.229
1420.0,8.415
1430.0,8.603
1440.0,8.792
1450.0,8.978
1460.0,9.159
1470.0,9.336
1480.0,9.508
1490.0,9.675
1500.0,9.835
1510.0,9.986
1520.0,10.128
1530.0,10.254
1540.0,10.354
1550.0,10.410
1560.0,10.406
1570.0,10.336
1580.0,10.201
1590.0,10.015
1600.0,9.799
1610.0,9.577
1620.0,9.371
1630.0,9.195
1640.0,9.051
1650.0,8.935
1660.0,8.838
1670.0,8.752
1680.0,8.671
1690.0,8.590
1700.0,8.504
1710.0,8.411
1720.0,8.311
1730.0,8.204
1740.0,8.092
1750.0,7.972
1760.0,7.844
1770.0,7.708
1780.0,7.570
1790.0,7.436
1800.0,7.310
1810.0,7.196
1820.0,7.092
1830.0,6.998
1840.0,6.910
1850.0,6.823
1860.0,6.730
1870.0,6.627
1880.0,6.511
1890.0,6.384
1900.0,6.245
1910.0,6.089
1920.0,5.914
1930.0,5.717
1940.0,5.497
1950.0,5.255
1960.0,4.989
1970.0,4.701
1980.0,4.393
1990.0,4.066
2000.0,3.727
2010.0,3.376
2020.0,3.017
2030.0,2.651
2040.0,2.278
2050.0,1.894
2060.0,1.493
2070.0,1.067
2080.0,0.611
2090.0,0.124
2100.0,-0.386
2110.0,-0.907
2120.0,-1.425
2130.0,-1.929
2140.0,-2.411
2150.0,-2.863
2160.0,-3.276
2170.0,-3.647
2180.0,-3.978
2190.0,-4.273
2200.0,-4.536
2210.0,-4.768
2220.0,-4.966
2230.0,-5.125
2240.0,-5.245
2250.0,-5.327
2260.0,-5.378
2270.0,-5.399
2280.0,-5.390
2290.0,-5.348
2300.0,-5.271
2310.0,-5.160
2320.0,-5.013
2330.0,-4.829
2340.0,-4.610
2350.0,-4.357
2360.0,-4.075
2370.0,-3.769
2380.0,-3.448
2390.0,-3.123
2400.0,-2.802
2410.0,-2.493
2420.0,-2.201
2430.0,-1.928
2440.0,-1.675
2450.0,-1.442
2460.0,-1.228
2470.0,-1.038
2480.0,-0.876
2490.0,-0.746
2500.0,-0.646
2510.0,-0.575
2520.0,-0.527
2530.0,-0.504
2540.0,-0.511
2550.0,-0.551
2560.0,-0.629
2570.0,-0.739
2580.0,-0.878
2590.0,-1.038
2600.0,-1.217
2610.0,-1.412
2620.0,-1.623
2630.0,-1.847
2640.0,-2.078
2650.0,-2.308
2660.0,-2.533
2670.0,-2.755
2680.0,-2.980
2690.0,-3.215
2700.0,-3.461
2710.0,-3.706
2720.0,-3.924
2730.0,-4.091
2740.0,-4.193
2750.0,-4.236
2760.0,-4.236
2770.0,-4.213
2780.0,-4.178
2790.0,-4.141
2800.0,-4.108
2810.0,-4.082
2820.0,-4.065
2830.0,-4.057
2840.0,-4.058
2850.0,-4.065
2860.0,-4.075
2870.0,-4.088
2880.0,-4.099
2890.0,-4.108
2900.0,-4.113
2910.0,-4.113
2920.0,-4.108
2930.0,-4.101
2940.0,-4.092
2950.0,-4.084
2960.0,-4.079
2970.0,-4.078
2980.0,-4.081
2990.0,-4.085
3000.0,-4.088
3010.0,-4.087
3020.0,-4.084
3030.0,-4.079
3040.0,-4.076
3050.0,-4.073
3060.0,-4.072
3070.0,-4.072
3080.0,-4.072
3090.0,-4.072
3100.0,-4.072
3110.0,-4.072
3120.0,-4.071
3130.0,-4.070
3140.0,-4.067
3150.0,-4.062
3160.0,-4.057
3170.0,-4.054
3180.0,-4.054
3190.0,-4.056
3200.0,-4.059
3210.0,-4.059
3220.0,-4.056
3230.0,-4.053
3240.0,-4.051
3250.0,-4.049
3260.0,-4.049
3270.0,-4.048
3280.0,-4.047
3290.0,-4.045
3300.0,-4.042
3310.0,-4.038
3320.0,-4.033
3330.0,-4.029
3340.0,-4.027
3350.0,-4.027
3360.0,-4.031
3370.0,-4.039
3380.0,-4.056
3390.0,-4.082
3400.0,-4.120
3410.0,-4.165
3420.0,-4.210
3430.0,-4.242
3440.0,-4.244
3450.0,-4.203
3460.0,-4.113
3470.0,-3.975
3480.0,-3.799
3490.0,-3.596
3500.0,-3.381
3510.0,-3.162
3520.0,-2.945
3530.0,-2.730
3540.0,-2.517
3550.0,-2.302
3560.0,-2.084
3570.0,-1.858
3580.0,-1.621
3590.0,-1.372
3600.0,-1.111
3610.0,-0.838
3620.0,-0.556
3630.0,-0.263
3640.0,0.043
3650.0,0.363
3660.0,0.693
3670.0,1.030
3680.0,1.369
3690.0,1.708
3700.0,2.045
3710.0,2.382
3720.0,2.719
3730.0,3.058
3740.0,3.398
3750.0,3.737
3760.0,4.074
3770.0,4.410
3780.0,4.745
3790.0,5.083
3800.0,5.423
3810.0,5.760
3820.0,6.090
3830.0,6.411
3840.0,6.719
3850.0,7.012
3860.0,7.288
3870.0,7.546
3880.0,7.785
3890.0,8.006
3900.0,8.209
3910.0,8.395
3920.0,8.562
3930.0,8.709
3940.0,8.839
3950.0,8.951
3960.0,9.048
3970.0,9.131
3980.0,9.197
3990.0,9.248
4000.0,9.284
4010.0,9.305
4020.0,9.313
4030.0,9.307
4040.0,9.287
4050.0,9.251
4060.0,9.200
4070.0,9.135
4080.0,9.057
4090.0,8.965
4100.0,8.859
4110.0,8.735
4120.0,8.593
4130.0,8.431
4140.0,8.250
4150.0,8.053
4160.0,7.845
4170.0,7.630
4180.0,7.412
4190.0,7.194
4200.0,6.979
4210.0,6.772
4220.0,6.577
4230.0,6.397
4240.0,6.235
4250.0,6.094
4260.0,5.974
4270.0,5.875
4280.0,5.794
4290.0,5.730
4300.0,5.684
4310.0,5.655
4320.0,5.640
4330.0,5.638
4340.0,5.647
4350.0,5.662
4360.0,5.682
4370.0,5.702
4380.0,5.716
4390.0,5.719
4400.0,5.705
4410.0,5.673
4420.0,5.623
4430.0,5.556
4440.0,5.471
4450.0,5.365
4460.0,5.237
4470.0,5.088
4480.0,4.920
4490.0,4.738
4500.0,4.542
4510.0,4.331
4520.0,4.103
4530.0,3.854
4540.0,3.582
4550.0,3.287
4560.0,2.974
4570.0,2.648
4580.0,2.315
4590.0,1.979
4600.0,1.644
4610.0,1.315
4620.0,0.997
4630.0,0.697
4640.0,0.419
4650.0,0.166
4660.0,-0.065
4670.0,-0.276
4680.0,-0.469
4690.0,-0.643
4700.0,-0.796
4710.0,-0.926
4720.0,-1.033
4730.0,-1.116
4740.0,-1.177
4750.0,-1.216
4760.0,-1.233
4770.0,-1.230
4780.0,-1.212
4790.0,-1.185
4800.0,-1.155
4810.0,-1.123
4820.0,-1.092
4830.0,-1.066
4840.0,-1.046
4850.0,-1.038
4860.0,-1.046
4870.0,-1.070
4880.0,-1.111
4890.0,-1.167
4900.0,-1.238
4910.0,-1.326
4920.0,-1.434
4930.0,-1.568
4940.0,-1.731
4950.0,-1.921
4960.0,-2.128
4970.0,-2.342
4980.0,-2.553
4990.0,-2.759
5000.0,-2.961
5010.0,-3.162
5020.0,-3.368
5030.0,-3.579
5040.0,-3.793
5050.0,-4.005
5060.0,-4.211
5070.0,-4.406
5080.0,-4.588
5090.0,-4.758
5100.0,-4.916
5110.0,-5.061
5120.0,-5.196
5130.0,-5.321
5140.0,-5.435
5150.0,-5.537
5160.0,-5.625
5170.0,-5.699
5180.0,-5.761
5190.0,-5.814
5200.0,-5.861
5210.0,-5.902
5220.0,-5.937
5230.0,-5.964
5240.0,-5.985
5250.0,-6.003
5260.0,-6.020
5270.0,-6.035
5280.0,-6.047
5290.0,-6.053
5300.0,-6.054
5310.0,-6.051
5320.0,-6.048
5330.0,-6.045
5340.0,-6.044
5350.0,-6.043
5360.0,-6.043
5370.0,-6.043
5380.0,-6.043
5390.0,-6.043
5400.0,-6.044
