# Elevation profile of Shanghai.csv (centreline distance), from FastF1 position Z of the 2024, 2025
# qualifying pole laps, smoothed (sigma 20 m), closed and relative to the mean.
s_m,z_m
0.0,-0.854
10.0,-0.886
20.0,-0.902
30.0,-0.910
40.0,-0.917
50.0,-0.926
60.0,-0.936
70.0,-0.944
80.0,-0.945
90.0,-0.942
100.0,-0.939
110.0,-0.940
120.0,-0.946
130.0,-0.957
140.0,-0.970
150.0,-0.982
160.0,-0.991
170.0,-0.997
180.0,-0.999
190.0,-0.998
200.0,-0.996
210.0,-0.995
220.0,-0.995
230.0,-0.996
240.0,-0.993
250.0,-0.985
260.0,-0.972
270.0,-0.956
280.0,-0.940
290.0,-0.927
300.0,-0.918
310.0,-0.913
320.0,-0.910
330.0,-0.909
340.0,-0.907
350.0,-0.904
360.0,-0.896
370.0,-0.884
380.0,-0.868
390.0,-0.852
400.0,-0.842
410.0,-0.841
420.0,-0.851
430.0,-0.874
440.0,-0.903
450.0,-0.935
460.0,-0.960
470.0,-0.971
480.0,-0.959
490.0,-0.915
500.0,-0.831
510.0,-0.705
520.0,-0.539
530.0,-0.339
540.0,-0.113
550.0,0.134
560.0,0.400
570.0,0.685
580.0,0.985
590.0,1.299
600.0,1.621
610.0,1.945
620.0,2.267
630.0,2.583
640.0,2.889
650.0,3.186
660.0,3.474
670.0,3.759
680.0,4.045
690.0,4.339
700.0,4.639
710.0,4.941
720.0,5.230
730.0,5.490
740.0,5.702
750.0,5.853
760.0,5.936
770.0,5.949
780.0,5.886
790.0,5.741
800.0,5.509
810.0,5.185
820.0,4.769
830.0,4.263
840.0,3.680
850.0,3.042
860.0,2.379
870.0,1.724
880.0,1.109
890.0,0.561
900.0,0.106
910.0,-0.239
920.0,-0.473
930.0,-0.614
940.0,-0.688
950.0,-0.725
960.0,-0.746
970.0,-0.762
980.0,-0.777
990.0,-0.790
1000.0,-0.801
1010.0,-0.810
1020.0,-0.819
1030.0,-0.830
1040.0,-0.845
1050.0,-0.862
1060.0,-0.879
1070.0,-0.893
1080.0,-0.901
1090.0,-0.901
1100.0,-0.895
1110.0,-0.884
1120.0,-0.871
1130.0,-0.857
1140.0,-0.844
1150.0,-0.833
1160.0,-0.824
1170.0,-0.816
1180.0,-0.806
1190.0,-0.789
1200.0,-0.758
1210.0,-0.710
1220.0,-0.645
1230.0,-0.564
1240.0,-0.466
1250.0,-0.350
1260.0,-0.213
1270.0,-0.056
1280.0,0.113
1290.0,0.285
1300.0,0.449
1310.0,0.598
1320.0,0.730
1330.0,0.845
1340.0,0.945
1350.0,1.030
1360.0,1.097
1370.0,1.148
1380.0,1.184
1390.0,1.208
1400.0,1.219
1410.0,1.216
1420.0,1.197
1430.0,1.160
1440.0,1.104
1450.0,1.033
1460.0,0.951
1470.0,0.864
1480.0,0.776
1490.0,0.689
1500.0,0.601
1510.0,0.511
1520.0,0.420
1530.0,0.327
1540.0,0.235
1550.0,0.144
1560.0,0.054
1570.0,-0.036
1580.0,-0.129
1590.0,-0.225
1600.0,-0.322
1610.0,-0.416
1620.0,-0.500
1630.0,-0.572
1640.0,-0.631
1650.0,-0.676
1660.0,-0.708
1670.0,-0.725
1680.0,-0.726
1690.0,-0.711
1700.0,-0.677
1710.0,-0.623
1720.0,-0.550
1730.0,-0.458
1740.0,-0.350
1750.0,-0.229
1760.0,-0.100
1770.0,0.033
1780.0,0.164
1790.0,0.286
1800.0,0.395
1810.0,0.487
1820.0,0.557
1830.0,0.605
1840.0,0.628
1850.0,0.626
1860.0,0.599
1870.0,0.545
1880.0,0.464
1890.0,0.354
1900.0,0.218
1910.0,0.064
1920.0,-0.095
1930.0,-0.245
1940.0,-0.378
1950.0,-0.490
1960.0,-0.581
1970.0,-0.654
1980.0,-0.712
1990.0,-0.755
2000.0,-0.785
2010.0,-0.805
2020.0,-0.816
2030.0,-0.822
2040.0,-0.825
2050.0,-0.826
2060.0,-0.826
2070.0,-0.826
2080.0,-0.826
2090.0,-0.826
2100.0,-0.826
2110.0,-0.825
2120.0,-0.822
2130.0,-0.812
2140.0,-0.792
2150.0,-0.755
2160.0,-0.696
2170.0,-0.613
2180.0,-0.508
2190.0,-0.387
2200.0,-0.253
2210.0,-0.110
2220.0,0.044
2230.0,0.208
2240.0,0.384
2250.0,0.565
2260.0,0.745
2270.0,0.916
2280.0,1.075
2290.0,1.218
2300.0,1.342
2310.0,1.446
2320.0,1.529
2330.0,1.589
2340.0,1.630
2350.0,1.652
2360.0,1.661
2370.0,1.659
2380.0,1.643
2390.0,1.611
2400.0,1.557
2410.0,1.474
2420.0,1.364
2430.0,1.228
2440.0,1.071
2450.0,0.899
2460.0,0.714
2470.0,0.521
2480.0,0.327
2490.0,0.138
2500.0,-0.037
2510.0,-0.196
2520.0,-0.336
2530.0,-0.457
2540.0,-0.555
2550.0,-0.629
2560.0,-0.679
2570.0,-0.708
2580.0,-0.722
2590.0,-0.729
2600.0,-0.731
2610.0,-0.731
2620.0,-0.731
2630.0,-0.732
2640.0,-0.732
2650.0,-0.732
2660.0,-0.732
2670.0,-0.732
2680.0,-0.732
2690.0,-0.732
2700.0,-0.732
2710.0,-0.732
2720.0,-0.732
2730.0,-0.733
2740.0,-0.733
2750.0,-0.733
2760.0,-0.733
2770.0,-0.733
2780.0,-0.733
2790.0,-0.733
2800.0,-0.733
2810.0,-0.733
2820.0,-0.733
2830.0,-0.734
2840.0,-0.734
2850.0,-0.736
2860.0,-0.739
2870.0,-0.744
2880.0,-0.749
2890.0,-0.752
2900.0,-0.749
2910.0,-0.741
2920.0,-0.733
2930.0,-0.728
2940.0,-0.728
2950.0,-0.730
2960.0,-0.732
2970.0,-0.734
2980.0,-0.735
2990.0,-0.735
3000.0,-0.735
3010.0,-0.735
3020.0,-0.735
3030.0,-0.735
3040.0,-0.736
3050.0,-0.736
3060.0,-0.735
3070.0,-0.734
3080.0,-0.728
3090.0,-0.712
3100.0,-0.679
3110.0,-0.620
3120.0,-0.527
3130.0,-0.400
3140.0,-0.238
3150.0,-0.041
3160.0,0.190
3170.0,0.448
3180.0,0.725
3190.0,1.011
3200.0,1.296
3210.0,1.572
3220.0,1.828
3230.0,2.048
3240.0,2.216
3250.0,2.324
3260.0,2.374
3270.0,2.378
3280.0,2.348
3290.0,2.297
3300.0,2.235
3310.0,2.165
3320.0,2.091
3330.0,2.014
3340.0,1.935
3350.0,1.855
3360.0,1.777
3370.0,1.702
3380.0,1.630
3390.0,1.563
3400.0,1.498
3410.0,1.435
3420.0,1.372
3430.0,1.307
3440.0,1.242
3450.0,1.174
3460.0,1.102
3470.0,1.027
3480.0,0.949
3490.0,0.867
3500.0,0.782
3510.0,0.694
3520.0,0.604
3530.0,0.516
3540.0,0.432
3550.0,0.355
3560.0,0.286
3570.0,0.225
3580.0,0.173
3590.0,0.131
3600.0,0.098
3610.0,0.072
3620.0,0.050
3630.0,0.030
3640.0,0.010
3650.0,-0.010
3660.0,-0.028
3670.0,-0.046
3680.0,-0.068
3690.0,-0.098
3700.0,-0.138
3710.0,-0.189
3720.0,-0.246
3730.0,-0.306
3740.0,-0.366
3750.0,-0.424
3760.0,-0.475
3770.0,-0.521
3780.0,-0.559
3790.0,-0.592
3800.0,-0.621
3810.0,-0.649
3820.0,-0.676
3830.0,-0.702
3840.0,-0.724
3850.0,-0.743
3860.0,-0.761
3870.0,-0.778
3880.0,-0.793
3890.0,-0.803
3900.0,-0.808
3910.0,-0.805
3920.0,-0.799
3930.0,-0.790
3940.0,-0.780
3950.0,-0.772
3960.0,-0.767
3970.0,-0.767
3980.0,-0.769
3990.0,-0.771
4000.0,-0.773
4010.0,-0.775
4020.0,-0.779
4030.0,-0.787
4040.0,-0.796
4050.0,-0.803
4060.0,-0.805
4070.0,-0.807
4080.0,-0.810
4090.0,-0.815
4100.0,-0.820
4110.0,-0.821
4120.0,-0.818
4130.0,-0.812
4140.0,-0.804
4150.0,-0.793
4160.0,-0.781
4170.0,-0.770
4180.0,-0.760
4190.0,-0.753
4200.0,-0.750
4210.0,-0.748
4220.0,-0.747
4230.0,-0.747
4240.0,-0.747
4250.0,-0.747
4260.0,-0.747
4270.0,-0.747
4280.0,-0.748
4290.0,-0.748
4300.0,-0.748
4310.0,-0.748
4320.0,-0.748
4330.0,-0.748
4340.0,-0.748
4350.0,-0.748
4360.0,-0.748
4370.0,-0.748
4380.0,-0.748
4390.0,-0.749
4400.0,-0.749
4410.0,-0.749
4420.0,-0.749
4430.0,-0.749
4440.0,-0.749
4450.0,-0.749
4460.0,-0.749
4470.0,-0.749
4480.0,-0.749
4490.0,-0.750
4500.0,-0.750
4510.0,-0.750
4520.0,-0.750
4530.0,-0.750
4540.0,-0.750
4550.0,-0.750
4560.0,-0.748
4570.0,-0.746
4580.0,-0.740
4590.0,-0.732
4600.0,-0.722
4610.0,-0.712
4620.0,-0.703
4630.0,-0.695
4640.0,-0.689
4650.0,-0.686
4660.0,-0.688
4670.0,-0.693
4680.0,-0.700
4690.0,-0.702
4700.0,-0.698
4710.0,-0.688
4720.0,-0.676
4730.0,-0.665
4740.0,-0.658
4750.0,-0.654
4760.0,-0.653
4770.0,-0.652
4780.0,-0.653
4790.0,-0.653
4800.0,-0.655
4810.0,-0.658
4820.0,-0.661
4830.0,-0.664
4840.0,-0.666
4850.0,-0.666
4860.0,-0.667
4870.0,-0.672
4880.0,-0.684
4890.0,-0.701
4900.0,-0.719
4910.0,-0.734
4920.0,-0.745
4930.0,-0.750
4940.0,-0.753
4950.0,-0.753
4960.0,-0.753
4970.0,-0.750
4980.0,-0.745
4990.0,-0.735
5000.0,-0.722
5010.0,-0.709
5020.0,-0.700
5030.0,-0.697
5040.0,-0.697
5050.0,-0.697
5060.0,-0.688
5070.0,-0.664
5080.0,-0.620
5090.0,-0.553
5100.0,-0.465
5110.0,-0.356
5120.0,-0.232
5130.0,-0.099
5140.0,0.037
5150.0,0.171
5160.0,0.303
5170.0,0.431
5180.0,0.552
5190.0,0.661
5200.0,0.752
5210.0,0.821
5220.0,0.865
5230.0,0.885
5240.0,0.884
5250.0,0.870
5260.0,0.849
5270.0,0.825
5280.0,0.800
5290.0,0.774
5300.0,0.744
5310.0,0.706
5320.0,0.656
5330.0,0.589
5340.0,0.500
5350.0,0.387
5360.0,0.252
5370.0,0.097
5380.0,-0.068
5390.0,-0.237
5400.0,-0.399
5410.0,-0.545
5420.0,-0.667
5430.0,-0.762
5440.0,-0.829
