# Elevation profile of Silverstone.csv (centreline distance), from FastF1 position Z of the 2024, 2025
# qualifying pole laps, smoothed (sigma 20 m), closed and relative to the mean.
s_m,z_m
0.0,-6.742
10.0,-6.724
20.0,-6.695
30.0,-6.658
40.0,-6.612
50.0,-6.555
60.0,-6.488
70.0,-6.409
80.0,-6.321
90.0,-6.226
100.0,-6.127
110.0,-6.023
120.0,-5.914
130.0,-5.799
140.0,-5.678
150.0,-5.551
160.0,-5.420
170.0,-5.285
180.0,-5.148
190.0,-5.008
200.0,-4.868
210.0,-4.727
220.0,-4.586
230.0,-4.446
240.0,-4.304
250.0,-4.161
260.0,-4.018
270.0,-3.877
280.0,-3.739
290.0,-3.601
300.0,-3.458
310.0,-3.304
320.0,-3.138
330.0,-2.960
340.0,-2.777
350.0,-2.600
360.0,-2.440
370.0,-2.302
380.0,-2.190
390.0,-2.097
400.0,-2.016
410.0,-1.942
420.0,-1.871
430.0,-1.802
440.0,-1.731
450.0,-1.657
460.0,-1.576
470.0,-1.485
480.0,-1.386
490.0,-1.276
500.0,-1.158
510.0,-1.035
520.0,-0.913
530.0,-0.796
540.0,-0.689
550.0,-0.589
560.0,-0.493
570.0,-0.393
580.0,-0.283
590.0,-0.162
600.0,-0.033
610.0,0.103
620.0,0.243
630.0,0.386
640.0,0.531
650.0,0.679
660.0,0.826
670.0,0.972
680.0,1.115
690.0,1.250
700.0,1.375
710.0,1.485
720.0,1.577
730.0,1.652
740.0,1.711
750.0,1.762
760.0,1.810
770.0,1.860
780.0,1.917
790.0,1.979
800.0,2.043
810.0,2.103
820.0,2.155
830.0,2.196
840.0,2.224
850.0,2.237
860.0,2.235
870.0,2.223
880.0,2.214
890.0,2.224
900.0,2.263
910.0,2.337
920.0,2.435
930.0,2.545
940.0,2.654
950.0,2.759
960.0,2.864
970.0,2.972
980.0,3.080
990.0,3.180
1000.0,3.260
1010.0,3.309
1020.0,3.327
1030.0,3.320
1040.0,3.298
1050.0,3.275
1060.0,3.259
1070.0,3.257
1080.0,3.266
1090.0,3.283
1100.0,3.299
1110.0,3.310
1120.0,3.316
1130.0,3.318
1140.0,3.317
1150.0,3.312
1160.0,3.302
1170.0,3.285
1180.0,3.264
1190.0,3.238
1200.0,3.211
1210.0,3.184
1220.0,3.158
1230.0,3.136
1240.0,3.120
1250.0,3.114
1260.0,3.117
1270.0,3.131
1280.0,3.152
1290.0,3.176
1300.0,3.197
1310.0,3.212
1320.0,3.221
1330.0,3.226
1340.0,3.228
1350.0,3.229
1360.0,3.229
1370.0,3.230
1380.0,3.230
1390.0,3.231
1400.0,3.231
1410.0,3.232
1420.0,3.235
1430.0,3.239
1440.0,3.246
1450.0,3.256
1460.0,3.268
1470.0,3.280
1480.0,3.287
1490.0,3.286
1500.0,3.277
1510.0,3.264
1520.0,3.251
1530.0,3.238
1540.0,3.225
1550.0,3.210
1560.0,3.192
1570.0,3.174
1580.0,3.159
1590.0,3.149
1600.0,3.145
1610.0,3.145
1620.0,3.149
1630.0,3.157
1640.0,3.167
1650.0,3.176
1660.0,3.180
1670.0,3.172
1680.0,3.149
1690.0,3.112
1700.0,3.063
1710.0,3.008
1720.0,2.947
1730.0,2.881
1740.0,2.810
1750.0,2.732
1760.0,2.648
1770.0,2.558
1780.0,2.460
1790.0,2.356
1800.0,2.246
1810.0,2.133
1820.0,2.018
1830.0,1.902
1840.0,1.785
1850.0,1.668
1860.0,1.551
1870.0,1.431
1880.0,1.308
1890.0,1.181
1900.0,1.052
1910.0,0.923
1920.0,0.796
1930.0,0.676
1940.0,0.566
1950.0,0.466
1960.0,0.376
1970.0,0.295
1980.0,0.223
1990.0,0.164
2000.0,0.120
2010.0,0.096
2020.0,0.089
2030.0,0.096
2040.0,0.113
2050.0,0.134
2060.0,0.156
2070.0,0.182
2080.0,0.217
2090.0,0.265
2100.0,0.326
2110.0,0.397
2120.0,0.477
2130.0,0.562
2140.0,0.647
2150.0,0.727
2160.0,0.793
2170.0,0.838
2180.0,0.857
2190.0,0.843
2200.0,0.794
2210.0,0.712
2220.0,0.606
2230.0,0.489
2240.0,0.374
2250.0,0.267
2260.0,0.172
2270.0,0.089
2280.0,0.014
2290.0,-0.057
2300.0,-0.132
2310.0,-0.219
2320.0,-0.318
2330.0,-0.427
2340.0,-0.538
2350.0,-0.641
2360.0,-0.732
2370.0,-0.807
2380.0,-0.867
2390.0,-0.916
2400.0,-0.955
2410.0,-0.984
2420.0,-1.003
2430.0,-1.013
2440.0,-1.015
2450.0,-1.007
2460.0,-0.989
2470.0,-0.959
2480.0,-0.919
2490.0,-0.872
2500.0,-0.825
2510.0,-0.784
2520.0,-0.754
2530.0,-0.735
2540.0,-0.722
2550.0,-0.711
2560.0,-0.699
2570.0,-0.684
2580.0,-0.666
2590.0,-0.649
2600.0,-0.635
2610.0,-0.625
2620.0,-0.619
2630.0,-0.613
2640.0,-0.604
2650.0,-0.587
2660.0,-0.561
2670.0,-0.522
2680.0,-0.472
2690.0,-0.413
2700.0,-0.348
2710.0,-0.280
2720.0,-0.211
2730.0,-0.140
2740.0,-0.066
2750.0,0.012
2760.0,0.094
2770.0,0.180
2780.0,0.270
2790.0,0.361
2800.0,0.453
2810.0,0.542
2820.0,0.627
2830.0,0.705
2840.0,0.775
2850.0,0.838
2860.0,0.894
2870.0,0.947
2880.0,0.999
2890.0,1.053
2900.0,1.112
2910.0,1.175
2920.0,1.241
2930.0,1.310
2940.0,1.377
2950.0,1.442
2960.0,1.503
2970.0,1.558
2980.0,1.609
2990.0,1.655
3000.0,1.699
3010.0,1.742
3020.0,1.786
3030.0,1.831
3040.0,1.878
3050.0,1.926
3060.0,1.974
3070.0,2.022
3080.0,2.070
3090.0,2.121
3100.0,2.174
3110.0,2.228
3120.0,2.282
3130.0,2.333
3140.0,2.381
3150.0,2.427
3160.0,2.475
3170.0,2.527
3180.0,2.583
3190.0,2.643
3200.0,2.705
3210.0,2.769
3220.0,2.835
3230.0,2.901
3240.0,2.969
3250.0,3.036
3260.0,3.104
3270.0,3.172
3280.0,3.243
3290.0,3.315
3300.0,3.391
3310.0,3.467
3320.0,3.543
3330.0,3.617
3340.0,3.689
3350.0,3.761
3360.0,3.833
3370.0,3.908
3380.0,3.986
3390.0,4.064
3400.0,4.138
3410.0,4.202
3420.0,4.255
3430.0,4.298
3440.0,4.331
3450.0,4.358
3460.0,4.378
3470.0,4.388
3480.0,4.387
3490.0,4.373
3500.0,4.348
3510.0,4.315
3520.0,4.275
3530.0,4.230
3540.0,4.178
3550.0,4.120
3560.0,4.059
3570.0,3.996
3580.0,3.934
3590.0,3.870
3600.0,3.801
3610.0,3.723
3620.0,3.636
3630.0,3.540
3640.0,3.438
3650.0,3.334
3660.0,3.231
3670.0,3.130
3680.0,3.037
3690.0,2.954
3700.0,2.885
3710.0,2.831
3720.0,2.791
3730.0,2.765
3740.0,2.752
3750.0,2.750
3760.0,2.758
3770.0,2.777
3780.0,2.805
3790.0,2.843
3800.0,2.888
3810.0,2.938
3820.0,2.991
3830.0,3.044
3840.0,3.093
3850.0,3.134
3860.0,3.163
3870.0,3.178
3880.0,3.176
3890.0,3.157
3900.0,3.124
3910.0,3.076
3920.0,3.013
3930.0,2.931
3940.0,2.833
3950.0,2.722
3960.0,2.602
3970.0,2.479
3980.0,2.355
3990.0,2.230
4000.0,2.102
4010.0,1.968
4020.0,1.827
4030.0,1.680
4040.0,1.528
4050.0,1.378
4060.0,1.235
4070.0,1.102
4080.0,0.981
4090.0,0.869
4100.0,0.763
4110.0,0.658
4120.0,0.551
4130.0,0.442
4140.0,0.333
4150.0,0.226
4160.0,0.125
4170.0,0.033
4180.0,-0.049
4190.0,-0.117
4200.0,-0.173
4210.0,-0.216
4220.0,-0.251
4230.0,-0.281
4240.0,-0.308
4250.0,-0.333
4260.0,-0.358
4270.0,-0.384
4280.0,-0.411
4290.0,-0.441
4300.0,-0.471
4310.0,-0.500
4320.0,-0.528
4330.0,-0.555
4340.0,-0.583
4350.0,-0.614
4360.0,-0.650
4370.0,-0.690
4380.0,-0.734
4390.0,-0.780
4400.0,-0.828
4410.0,-0.876
4420.0,-0.924
4430.0,-0.971
4440.0,-1.017
4450.0,-1.065
4460.0,-1.116
4470.0,-1.172
4480.0,-1.232
4490.0,-1.297
4500.0,-1.364
4510.0,-1.433
4520.0,-1.506
4530.0,-1.583
4540.0,-1.660
4550.0,-1.734
4560.0,-1.802
4570.0,-1.863
4580.0,-1.918
4590.0,-1.970
4600.0,-2.021
4610.0,-2.070
4620.0,-2.118
4630.0,-2.164
4640.0,-2.212
4650.0,-2.264
4660.0,-2.323
4670.0,-2.390
4680.0,-2.466
4690.0,-2.549
4700.0,-2.639
4710.0,-2.736
4720.0,-2.840
4730.0,-2.948
4740.0,-3.057
4750.0,-3.164
4760.0,-3.266
4770.0,-3.360
4780.0,-3.440
4790.0,-3.504
4800.0,-3.552
4810.0,-3.582
4820.0,-3.598
4830.0,-3.598
4840.0,-3.580
4850.0,-3.541
4860.0,-3.480
4870.0,-3.398
4880.0,-3.295
4890.0,-3.174
4900.0,-3.037
4910.0,-2.883
4920.0,-2.716
4930.0,-2.537
4940.0,-2.352
4950.0,-2.163
4960.0,-1.975
4970.0,-1.791
4980.0,-1.609
4990.0,-1.432
5000.0,-1.258
5010.0,-1.087
5020.0,-0.921
5030.0,-0.760
5040.0,-0.605
5050.0,-0.455
5060.0,-0.312
5070.0,-0.178
5080.0,-0.058
5090.0,0.044
5100.0,0.123
5110.0,0.180
5120.0,0.216
5130.0,0.230
5140.0,0.223
5150.0,0.193
5160.0,0.143
5170.0,0.073
5180.0,-0.016
5190.0,-0.127
5200.0,-0.267
5210.0,-0.439
5220.0,-0.646
5230.0,-0.890
5240.0,-1.166
5250.0,-1.471
5260.0,-1.798
5270.0,-2.142
5280.0,-2.497
5290.0,-2.852
5300.0,-3.196
5310.0,-3.519
5320.0,-3.807
5330.0,-4.050
5340.0,-4.241
5350.0,-4.374
5360.0,-4.452
5370.0,-4.484
5380.0,-4.481
5390.0,-4.459
5400.0,-4.428
5410.0,-4.402
5420.0,-4.390
5430.0,-4.400
5440.0,-4.434
5450.0,-4.492
5460.0,-4.571
5470.0,-4.667
5480.0,-4.776
5490.0,-4.893
5500.0,-5.012
5510.0,-5.128
5520.0,-5.230
5530.0,-5.308
5540.0,-5.349
5550.0,-5.348
5560.0,-5.307
5570.0,-5.237
5580.0,-5.153
5590.0,-5.072
5600.0,-5.007
5610.0,-4.968
5620.0,-4.961
5630.0,-4.986
5640.0,-5.038
5650.0,-5.109
5660.0,-5.188
5670.0,-5.266
5680.0,-5.339
5690.0,-5.406
5700.0,-5.468
5710.0,-5.526
5720.0,-5.585
5730.0,-5.651
5740.0,-5.730
5750.0,-5.823
5760.0,-5.927
5770.0,-6.037
5780.0,-6.145
5790.0,-6.247
5800.0,-6.341
5810.0,-6.426
5820.0,-6.503
5830.0,-6.572
5840.0,-6.632
5850.0,-6.683
5860.0,-6.720
5870.0,-6.742
5880.0,-6.747
