# Elevation profile of Spielberg.csv (centreline distance), from FastF1 position Z of the 2024, 2025
# qualifying pole laps, smoothed (sigma 20 m), closed and relative to the mean.
s_m,z_m
0.0,-25.493
10.0,-25.575
20.0,-25.637
30.0,-25.680
40.0,-25.708
50.0,-25.727
60.0,-25.738
70.0,-25.744
80.0,-25.747
90.0,-25.747
100.0,-25.745
110.0,-25.740
120.0,-25.731
130.0,-25.716
140.0,-25.692
150.0,-25.652
160.0,-25.591
170.0,-25.506
180.0,-25.394
190.0,-25.255
200.0,-25.088
210.0,-24.893
220.0,-24.670
230.0,-24.417
240.0,-24.132
250.0,-23.811
260.0,-23.457
270.0,-23.072
280.0,-22.657
290.0,-22.210
300.0,-21.725
310.0,-21.195
320.0,-20.621
330.0,-20.008
340.0,-19.364
350.0,-18.696
360.0,-18.007
370.0,-17.295
380.0,-16.558
390.0,-15.795
400.0,-15.008
410.0,-14.198
420.0,-13.373
430.0,-12.542
440.0,-11.721
450.0,-10.937
460.0,-10.222
470.0,-9.602
480.0,-9.077
490.0,-8.635
500.0,-8.257
510.0,-7.934
520.0,-7.665
530.0,-7.448
540.0,-7.280
550.0,-7.154
560.0,-7.062
570.0,-7.000
580.0,-6.963
590.0,-6.953
600.0,-6.971
610.0,-7.015
620.0,-7.079
630.0,-7.157
640.0,-7.241
650.0,-7.322
660.0,-7.394
670.0,-7.452
680.0,-7.495
690.0,-7.521
700.0,-7.527
710.0,-7.511
720.0,-7.469
730.0,-7.396
740.0,-7.294
750.0,-7.164
760.0,-7.011
770.0,-6.839
780.0,-6.652
790.0,-6.453
800.0,-6.243
810.0,-6.022
820.0,-5.791
830.0,-5.552
840.0,-5.311
850.0,-5.070
860.0,-4.832
870.0,-4.594
880.0,-4.357
890.0,-4.118
900.0,-3.880
910.0,-3.641
920.0,-3.404
930.0,-3.166
940.0,-2.926
950.0,-2.681
960.0,-2.425
970.0,-2.153
980.0,-1.862
990.0,-1.546
1000.0,-1.202
1010.0,-0.823
1020.0,-0.409
1030.0,0.044
1040.0,0.534
1050.0,1.056
1060.0,1.608
1070.0,2.189
1080.0,2.801
1090.0,3.450
1100.0,4.138
1110.0,4.865
1120.0,5.629
1130.0,6.427
1140.0,7.255
1150.0,8.113
1160.0,9.002
1170.0,9.925
1180.0,10.883
1190.0,11.875
1200.0,12.898
1210.0,13.949
1220.0,15.026
1230.0,16.128
1240.0,17.254
1250.0,18.398
1260.0,19.550
1270.0,20.704
1280.0,21.853
1290.0,22.997
1300.0,24.135
1310.0,25.267
1320.0,26.396
1330.0,27.523
1340.0,28.655
1350.0,29.798
1360.0,30.950
1370.0,32.099
1380.0,33.217
1390.0,34.257
1400.0,35.172
1410.0,35.925
1420.0,36.504
1430.0,36.926
1440.0,37.216
1450.0,37.402
1460.0,37.509
1470.0,37.555
1480.0,37.552
1490.0,37.508
1500.0,37.425
1510.0,37.305
1520.0,37.148
1530.0,36.952
1540.0,36.718
1550.0,36.444
1560.0,36.130
1570.0,35.777
1580.0,35.385
1590.0,34.956
1600.0,34.494
1610.0,34.008
1620.0,33.505
1630.0,32.996
1640.0,32.487
1650.0,31.986
1660.0,31.498
1670.0,31.029
1680.0,30.581
1690.0,30.153
1700.0,29.746
1710.0,29.360
1720.0,28.997
1730.0,28.656
1740.0,28.337
1750.0,28.041
1760.0,27.766
1770.0,27.510
1780.0,27.269
1790.0,27.038
1800.0,26.812
1810.0,26.587
1820.0,26.362
1830.0,26.134
1840.0,25.903
1850.0,25.668
1860.0,25.425
1870.0,25.173
1880.0,24.911
1890.0,24.638
1900.0,24.356
1910.0,24.065
1920.0,23.766
1930.0,23.456
1940.0,23.133
1950.0,22.793
1960.0,22.437
1970.0,22.068
1980.0,21.690
1990.0,21.309
2000.0,20.928
2010.0,20.546
2020.0,20.161
2030.0,19.768
2040.0,19.360
2050.0,18.935
2060.0,18.490
2070.0,18.029
2080.0,17.555
2090.0,17.074
2100.0,16.590
2110.0,16.105
2120.0,15.619
2130.0,15.128
2140.0,14.628
2150.0,14.113
2160.0,13.581
2170.0,13.031
2180.0,12.464
2190.0,11.886
2200.0,11.303
2210.0,10.723
2220.0,10.149
2230.0,9.576
2240.0,9.001
2250.0,8.426
2260.0,7.856
2270.0,7.294
2280.0,6.740
2290.0,6.198
2300.0,5.678
2310.0,5.191
2320.0,4.744
2330.0,4.341
2340.0,3.981
2350.0,3.665
2360.0,3.395
2370.0,3.174
2380.0,3.005
2390.0,2.890
2400.0,2.826
2410.0,2.809
2420.0,2.834
2430.0,2.898
2440.0,2.994
2450.0,3.114
2460.0,3.249
2470.0,3.393
2480.0,3.543
2490.0,3.696
2500.0,3.851
2510.0,4.008
2520.0,4.165
2530.0,4.322
2540.0,4.478
2550.0,4.633
2560.0,4.788
2570.0,4.943
2580.0,5.098
2590.0,5.253
2600.0,5.408
2610.0,5.562
2620.0,5.711
2630.0,5.851
2640.0,5.976
2650.0,6.082
2660.0,6.161
2670.0,6.207
2680.0,6.210
2690.0,6.164
2700.0,6.066
2710.0,5.912
2720.0,5.702
2730.0,5.434
2740.0,5.113
2750.0,4.744
2760.0,4.334
2770.0,3.885
2780.0,3.391
2790.0,2.843
2800.0,2.233
2810.0,1.558
2820.0,0.821
2830.0,0.033
2840.0,-0.786
2850.0,-1.618
2860.0,-2.453
2870.0,-3.291
2880.0,-4.140
2890.0,-5.004
2900.0,-5.874
2910.0,-6.732
2920.0,-7.559
2930.0,-8.340
2940.0,-9.066
2950.0,-9.731
2960.0,-10.331
2970.0,-10.867
2980.0,-11.345
2990.0,-11.774
3000.0,-12.161
3010.0,-12.507
3020.0,-12.811
3030.0,-13.066
3040.0,-13.269
3050.0,-13.418
3060.0,-13.514
3070.0,-13.557
3080.0,-13.548
3090.0,-13.486
3100.0,-13.373
3110.0,-13.216
3120.0,-13.025
3130.0,-12.815
3140.0,-12.599
3150.0,-12.392
3160.0,-12.201
3170.0,-12.029
3180.0,-11.869
3190.0,-11.712
3200.0,-11.552
3210.0,-11.388
3220.0,-11.232
3230.0,-11.093
3240.0,-10.981
3250.0,-10.896
3260.0,-10.834
3270.0,-10.784
3280.0,-10.735
3290.0,-10.676
3300.0,-10.596
3310.0,-10.490
3320.0,-10.353
3330.0,-10.181
3340.0,-9.974
3350.0,-9.729
3360.0,-9.447
3370.0,-9.130
3380.0,-8.781
3390.0,-8.402
3400.0,-7.995
3410.0,-7.563
3420.0,-7.116
3430.0,-6.663
3440.0,-6.216
3450.0,-5.786
3460.0,-5.380
3470.0,-5.001
3480.0,-4.650
3490.0,-4.323
3500.0,-4.022
3510.0,-3.747
3520.0,-3.500
3530.0,-3.281
3540.0,-3.086
3550.0,-2.914
3560.0,-2.764
3570.0,-2.635
3580.0,-2.530
3590.0,-2.449
3600.0,-2.395
3610.0,-2.367
3620.0,-2.364
3630.0,-2.382
3640.0,-2.418
3650.0,-2.472
3660.0,-2.543
3670.0,-2.634
3680.0,-2.748
3690.0,-2.887
3700.0,-3.052
3710.0,-3.241
3720.0,-3.454
3730.0,-3.691
3740.0,-3.948
3750.0,-4.226
3760.0,-4.527
3770.0,-4.856
3780.0,-5.220
3790.0,-5.622
3800.0,-6.059
3810.0,-6.520
3820.0,-6.996
3830.0,-7.481
3840.0,-7.974
3850.0,-8.476
3860.0,-8.993
3870.0,-9.531
3880.0,-10.094
3890.0,-10.683
3900.0,-11.300
3910.0,-11.944
3920.0,-12.614
3930.0,-13.308
3940.0,-14.020
3950.0,-14.747
3960.0,-15.481
3970.0,-16.214
3980.0,-16.936
3990.0,-17.642
4000.0,-18.324
4010.0,-18.977
4020.0,-19.585
4030.0,-20.134
4040.0,-20.615
4050.0,-21.027
4060.0,-21.383
4070.0,-21.693
4080.0,-21.965
4090.0,-22.203
4100.0,-22.411
4110.0,-22.595
4120.0,-22.763
4130.0,-22.920
4140.0,-23.072
4150.0,-23.222
4160.0,-23.370
4170.0,-23.517
4180.0,-23.662
4190.0,-23.806
4200.0,-23.951
4210.0,-24.095
4220.0,-24.238
4230.0,-24.377
4240.0,-24.514
4250.0,-24.649
4260.0,-24.785
4270.0,-24.924
4280.0,-25.064
4290.0,-25.200
4300.0,-25.327
4310.0,-25.439
