# Elevation profile of Suzuka.csv (centreline distance), from FastF1 position Z of the 2024, 2025
# qualifying pole laps, smoothed (sigma 20 m), closed and relative to the mean.
s_m,z_m
0.0,-5.514
10.0,-5.802
20.0,-6.087
30.0,-6.371
40.0,-6.656
50.0,-6.943
60.0,-7.230
70.0,-7.514
80.0,-7.792
90.0,-8.067
100.0,-8.341
110.0,-8.619
120.0,-8.899
130.0,-9.182
140.0,-9.465
150.0,-9.746
160.0,-10.028
170.0,-10.312
180.0,-10.599
190.0,-10.887
200.0,-11.174
210.0,-11.458
220.0,-11.738
230.0,-12.016
240.0,-12.291
250.0,-12.564
260.0,-12.833
270.0,-13.102
280.0,-13.372
290.0,-13.644
300.0,-13.920
310.0,-14.200
320.0,-14.483
330.0,-14.769
340.0,-15.052
350.0,-15.332
360.0,-15.610
370.0,-15.888
380.0,-16.167
390.0,-16.448
400.0,-16.730
410.0,-17.011
420.0,-17.289
430.0,-17.562
440.0,-17.830
450.0,-18.095
460.0,-18.359
470.0,-18.623
480.0,-18.891
490.0,-19.164
500.0,-19.441
510.0,-19.721
520.0,-19.999
530.0,-20.274
540.0,-20.545
550.0,-20.815
560.0,-21.084
570.0,-21.352
580.0,-21.619
590.0,-21.885
600.0,-22.148
610.0,-22.411
620.0,-22.674
630.0,-22.937
640.0,-23.201
650.0,-23.466
660.0,-23.736
670.0,-24.013
680.0,-24.296
690.0,-24.581
700.0,-24.862
710.0,-25.127
720.0,-25.368
730.0,-25.574
740.0,-25.742
750.0,-25.869
760.0,-25.958
770.0,-26.011
780.0,-26.030
790.0,-26.014
800.0,-25.967
810.0,-25.888
820.0,-25.781
830.0,-25.647
840.0,-25.486
850.0,-25.298
860.0,-25.077
870.0,-24.823
880.0,-24.545
890.0,-24.257
900.0,-23.980
910.0,-23.726
920.0,-23.503
930.0,-23.309
940.0,-23.138
950.0,-22.982
960.0,-22.836
970.0,-22.693
980.0,-22.549
990.0,-22.401
1000.0,-22.246
1010.0,-22.084
1020.0,-21.914
1030.0,-21.740
1040.0,-21.566
1050.0,-21.395
1060.0,-21.230
1070.0,-21.072
1080.0,-20.918
1090.0,-20.762
1100.0,-20.594
1110.0,-20.406
1120.0,-20.195
1130.0,-19.957
1140.0,-19.693
1150.0,-19.407
1160.0,-19.097
1170.0,-18.762
1180.0,-18.399
1190.0,-18.006
1200.0,-17.583
1210.0,-17.132
1220.0,-16.662
1230.0,-16.182
1240.0,-15.702
1250.0,-15.232
1260.0,-14.778
1270.0,-14.338
1280.0,-13.908
1290.0,-13.481
1300.0,-13.048
1310.0,-12.603
1320.0,-12.143
1330.0,-11.669
1340.0,-11.188
1350.0,-10.707
1360.0,-10.232
1370.0,-9.768
1380.0,-9.317
1390.0,-8.876
1400.0,-8.440
1410.0,-8.008
1420.0,-7.579
1430.0,-7.152
1440.0,-6.736
1450.0,-6.337
1460.0,-5.967
1470.0,-5.633
1480.0,-5.341
1490.0,-5.095
1500.0,-4.895
1510.0,-4.745
1520.0,-4.645
1530.0,-4.597
1540.0,-4.601
1550.0,-4.653
1560.0,-4.747
1570.0,-4.878
1580.0,-5.040
1590.0,-5.226
1600.0,-5.429
1610.0,-5.638
1620.0,-5.836
1630.0,-6.010
1640.0,-6.146
1650.0,-6.238
1660.0,-6.276
1670.0,-6.249
1680.0,-6.141
1690.0,-5.934
1700.0,-5.620
1710.0,-5.198
1720.0,-4.677
1730.0,-4.077
1740.0,-3.423
1750.0,-2.741
1760.0,-2.051
1770.0,-1.365
1780.0,-0.688
1790.0,-0.017
1800.0,0.652
1810.0,1.320
1820.0,1.987
1830.0,2.644
1840.0,3.286
1850.0,3.902
1860.0,4.484
1870.0,5.023
1880.0,5.513
1890.0,5.952
1900.0,6.340
1910.0,6.676
1920.0,6.960
1930.0,7.190
1940.0,7.368
1950.0,7.494
1960.0,7.568
1970.0,7.593
1980.0,7.576
1990.0,7.526
2000.0,7.456
2010.0,7.373
2020.0,7.281
2030.0,7.180
2040.0,7.071
2050.0,6.954
2060.0,6.831
2070.0,6.703
2080.0,6.574
2090.0,6.444
2100.0,6.316
2110.0,6.190
2120.0,6.062
2130.0,5.933
2140.0,5.800
2150.0,5.663
2160.0,5.522
2170.0,5.380
2180.0,5.240
2190.0,5.106
2200.0,4.977
2210.0,4.854
2220.0,4.733
2230.0,4.615
2240.0,4.499
2250.0,4.381
2260.0,4.259
2270.0,4.128
2280.0,3.985
2290.0,3.827
2300.0,3.653
2310.0,3.463
2320.0,3.260
2330.0,3.044
2340.0,2.818
2350.0,2.587
2360.0,2.353
2370.0,2.117
2380.0,1.877
2390.0,1.628
2400.0,1.365
2410.0,1.085
2420.0,0.791
2430.0,0.491
2440.0,0.208
2450.0,-0.033
2460.0,-0.208
2470.0,-0.308
2480.0,-0.344
2490.0,-0.342
2500.0,-0.333
2510.0,-0.334
2520.0,-0.350
2530.0,-0.376
2540.0,-0.402
2550.0,-0.423
2560.0,-0.435
2570.0,-0.439
2580.0,-0.434
2590.0,-0.419
2600.0,-0.391
2610.0,-0.346
2620.0,-0.279
2630.0,-0.184
2640.0,-0.056
2650.0,0.110
2660.0,0.317
2670.0,0.567
2680.0,0.862
2690.0,1.201
2700.0,1.582
2710.0,1.997
2720.0,2.437
2730.0,2.892
2740.0,3.354
2750.0,3.818
2760.0,4.287
2770.0,4.761
2780.0,5.244
2790.0,5.737
2800.0,6.238
2810.0,6.741
2820.0,7.241
2830.0,7.732
2840.0,8.212
2850.0,8.677
2860.0,9.125
2870.0,9.550
2880.0,9.945
2890.0,10.298
2900.0,10.604
2910.0,10.864
2920.0,11.084
2930.0,11.277
2940.0,11.452
2950.0,11.612
2960.0,11.752
2970.0,11.865
2980.0,11.947
2990.0,12.002
3000.0,12.037
3010.0,12.063
3020.0,12.089
3030.0,12.119
3040.0,12.156
3050.0,12.201
3060.0,12.252
3070.0,12.310
3080.0,12.372
3090.0,12.434
3100.0,12.494
3110.0,12.552
3120.0,12.609
3130.0,12.668
3140.0,12.733
3150.0,12.805
3160.0,12.884
3170.0,12.966
3180.0,13.049
3190.0,13.132
3200.0,13.210
3210.0,13.279
3220.0,13.332
3230.0,13.364
3240.0,13.366
3250.0,13.331
3260.0,13.254
3270.0,13.133
3280.0,12.965
3290.0,12.754
3300.0,12.501
3310.0,12.210
3320.0,11.883
3330.0,11.520
3340.0,11.125
3350.0,10.705
3360.0,10.273
3370.0,9.845
3380.0,9.440
3390.0,9.073
3400.0,8.757
3410.0,8.499
3420.0,8.304
3430.0,8.170
3440.0,8.098
3450.0,8.086
3460.0,8.134
3470.0,8.239
3480.0,8.400
3490.0,8.613
3500.0,8.870
3510.0,9.160
3520.0,9.474
3530.0,9.799
3540.0,10.125
3550.0,10.443
3560.0,10.744
3570.0,11.022
3580.0,11.276
3590.0,11.506
3600.0,11.718
3610.0,11.918
3620.0,12.109
3630.0,12.294
3640.0,12.474
3650.0,12.648
3660.0,12.813
3670.0,12.965
3680.0,13.099
3690.0,13.216
3700.0,13.316
3710.0,13.402
3720.0,13.477
3730.0,13.541
3740.0,13.592
3750.0,13.630
3760.0,13.655
3770.0,13.668
3780.0,13.673
3790.0,13.672
3800.0,13.669
3810.0,13.666
3820.0,13.664
3830.0,13.666
3840.0,13.674
3850.0,13.687
3860.0,13.702
3870.0,13.716
3880.0,13.727
3890.0,13.733
3900.0,13.736
3910.0,13.736
3920.0,13.731
3930.0,13.720
3940.0,13.700
3950.0,13.666
3960.0,13.616
3970.0,13.545
3980.0,13.450
3990.0,13.327
4000.0,13.171
4010.0,12.970
4020.0,12.708
4030.0,12.374
4040.0,11.967
4050.0,11.489
4060.0,10.946
4070.0,10.344
4080.0,9.688
4090.0,8.990
4100.0,8.261
4110.0,7.515
4120.0,6.761
4130.0,6.012
4140.0,5.278
4150.0,4.569
4160.0,3.895
4170.0,3.263
4180.0,2.680
4190.0,2.152
4200.0,1.682
4210.0,1.275
4220.0,0.933
4230.0,0.655
4240.0,0.439
4250.0,0.280
4260.0,0.175
4270.0,0.119
4280.0,0.108
4290.0,0.137
4300.0,0.204
4310.0,0.303
4320.0,0.432
4330.0,0.588
4340.0,0.767
4350.0,0.963
4360.0,1.173
4370.0,1.389
4380.0,1.611
4390.0,1.837
4400.0,2.068
4410.0,2.306
4420.0,2.548
4430.0,2.790
4440.0,3.031
4450.0,3.269
4460.0,3.505
4470.0,3.738
4480.0,3.966
4490.0,4.187
4500.0,4.398
4510.0,4.598
4520.0,4.787
4530.0,4.962
4540.0,5.119
4550.0,5.252
4560.0,5.360
4570.0,5.442
4580.0,5.502
4590.0,5.542
4600.0,5.567
4610.0,5.580
4620.0,5.586
4630.0,5.588
4640.0,5.588
4650.0,5.587
4660.0,5.585
4670.0,5.584
4680.0,5.583
4690.0,5.581
4700.0,5.580
4710.0,5.579
4720.0,5.577
4730.0,5.575
4740.0,5.572
4750.0,5.566
4760.0,5.556
4770.0,5.542
4780.0,5.525
4790.0,5.507
4800.0,5.491
4810.0,5.479
4820.0,5.470
4830.0,5.466
4840.0,5.462
4850.0,5.452
4860.0,5.418
4870.0,5.331
4880.0,5.155
4890.0,4.877
4900.0,4.556
4910.0,4.320
4920.0,4.289
4930.0,4.479
4940.0,4.794
4950.0,5.101
4960.0,5.321
4970.0,5.446
4980.0,5.506
4990.0,5.531
5000.0,5.544
5010.0,5.556
5020.0,5.574
5030.0,5.604
5040.0,5.648
5050.0,5.707
5060.0,5.780
5070.0,5.869
5080.0,5.972
5090.0,6.090
5100.0,6.225
5110.0,6.374
5120.0,6.534
5130.0,6.699
5140.0,6.867
5150.0,7.035
5160.0,7.201
5170.0,7.364
5180.0,7.525
5190.0,7.684
5200.0,7.843
5210.0,8.001
5220.0,8.159
5230.0,8.317
5240.0,8.476
5250.0,8.636
5260.0,8.797
5270.0,8.959
5280.0,9.123
5290.0,9.292
5300.0,9.467
5310.0,9.648
5320.0,9.829
5330.0,10.005
5340.0,10.171
5350.0,10.320
5360.0,10.445
5370.0,10.538
5380.0,10.592
5390.0,10.600
5400.0,10.563
5410.0,10.479
5420.0,10.353
5430.0,10.192
5440.0,10.008
5450.0,9.812
5460.0,9.608
5470.0,9.399
5480.0,9.182
5490.0,8.948
5500.0,8.691
5510.0,8.398
5520.0,8.061
5530.0,7.672
5540.0,7.230
5550.0,6.739
5560.0,6.203
5570.0,5.627
5580.0,5.012
5590.0,4.366
5600.0,3.699
5610.0,3.025
5620.0,2.359
5630.0,1.709
5640.0,1.082
5650.0,0.480
5660.0,-0.094
5670.0,-0.635
5680.0,-1.140
5690.0,-1.609
5700.0,-2.044
5710.0,-2.450
5720.0,-2.834
5730.0,-3.201
5740.0,-3.554
5750.0,-3.893
5760.0,-4.220
5770.0,-4.534
5780.0,-4.840
5790.0,-5.138
5800.0,-5.431
