# Elevation profile of Zandvoort.csv (centreline distance), from FastF1 position Z of the 2024, 2025
# qualifying pole laps, smoothed (sigma 20 m), closed and relative to the mean.
s_m,z_m
0.0,-0.346
10.0,-0.346
20.0,-0.346
30.0,-0.346
40.0,-0.346
50.0,-0.346
60.0,-0.346
70.0,-0.346
80.0,-0.346
90.0,-0.346
100.0,-0.346
110.0,-0.346
120.0,-0.346
130.0,-0.346
140.0,-0.346
150.0,-0.346
160.0,-0.346
170.0,-0.346
180.0,-0.346
190.0,-0.346
200.0,-0.346
210.0,-0.346
220.0,-0.345
230.0,-0.340
240.0,-0.330
250.0,-0.308
260.0,-0.270
270.0,-0.213
280.0,-0.135
290.0,-0.036
300.0,0.079
310.0,0.206
320.0,0.334
330.0,0.454
340.0,0.561
350.0,0.650
360.0,0.724
370.0,0.782
380.0,0.821
390.0,0.838
400.0,0.829
410.0,0.793
420.0,0.733
430.0,0.652
440.0,0.560
450.0,0.467
460.0,0.383
470.0,0.310
480.0,0.242
490.0,0.172
500.0,0.092
510.0,-0.003
520.0,-0.118
530.0,-0.251
540.0,-0.394
550.0,-0.534
560.0,-0.655
570.0,-0.743
580.0,-0.791
590.0,-0.797
600.0,-0.766
610.0,-0.712
620.0,-0.652
630.0,-0.608
640.0,-0.598
650.0,-0.629
660.0,-0.693
670.0,-0.770
680.0,-0.834
690.0,-0.860
700.0,-0.831
710.0,-0.740
720.0,-0.589
730.0,-0.392
740.0,-0.172
750.0,0.043
760.0,0.231
770.0,0.380
780.0,0.487
790.0,0.553
800.0,0.577
810.0,0.557
820.0,0.489
830.0,0.372
840.0,0.209
850.0,0.013
860.0,-0.201
870.0,-0.420
880.0,-0.627
890.0,-0.812
900.0,-0.957
910.0,-1.039
920.0,-1.027
930.0,-0.885
940.0,-0.592
950.0,-0.147
960.0,0.419
970.0,1.058
980.0,1.716
990.0,2.348
1000.0,2.924
1010.0,3.429
1020.0,3.864
1030.0,4.235
1040.0,4.548
1050.0,4.807
1060.0,5.012
1070.0,5.161
1080.0,5.253
1090.0,5.283
1100.0,5.250
1110.0,5.151
1120.0,4.986
1130.0,4.759
1140.0,4.473
1150.0,4.132
1160.0,3.740
1170.0,3.299
1180.0,2.819
1190.0,2.310
1200.0,1.787
1210.0,1.266
1220.0,0.763
1230.0,0.292
1240.0,-0.133
1250.0,-0.506
1260.0,-0.819
1270.0,-1.072
1280.0,-1.266
1290.0,-1.403
1300.0,-1.490
1310.0,-1.535
1320.0,-1.551
1330.0,-1.547
1340.0,-1.534
1350.0,-1.515
1360.0,-1.488
1370.0,-1.447
1380.0,-1.384
1390.0,-1.287
1400.0,-1.148
1410.0,-0.956
1420.0,-0.703
1430.0,-0.387
1440.0,-0.012
1450.0,0.411
1460.0,0.865
1470.0,1.333
1480.0,1.802
1490.0,2.263
1500.0,2.715
1510.0,3.158
1520.0,3.589
1530.0,4.000
1540.0,4.380
1550.0,4.721
1560.0,5.014
1570.0,5.257
1580.0,5.447
1590.0,5.584
1600.0,5.666
1610.0,5.691
1620.0,5.659
1630.0,5.572
1640.0,5.435
1650.0,5.252
1660.0,5.024
1670.0,4.752
1680.0,4.433
1690.0,4.067
1700.0,3.655
1710.0,3.202
1720.0,2.718
1730.0,2.217
1740.0,1.713
1750.0,1.222
1760.0,0.757
1770.0,0.331
1780.0,-0.046
1790.0,-0.364
1800.0,-0.611
1810.0,-0.782
1820.0,-0.873
1830.0,-0.883
1840.0,-0.815
1850.0,-0.676
1860.0,-0.477
1870.0,-0.237
1880.0,0.023
1890.0,0.284
1900.0,0.529
1910.0,0.747
1920.0,0.933
1930.0,1.082
1940.0,1.192
1950.0,1.257
1960.0,1.272
1970.0,1.236
1980.0,1.151
1990.0,1.023
2000.0,0.861
2010.0,0.675
2020.0,0.476
2030.0,0.275
2040.0,0.080
2050.0,-0.104
2060.0,-0.276
2070.0,-0.437
2080.0,-0.591
2090.0,-0.744
2100.0,-0.902
2110.0,-1.062
2120.0,-1.217
2130.0,-1.358
2140.0,-1.476
2150.0,-1.568
2160.0,-1.636
2170.0,-1.682
2180.0,-1.711
2190.0,-1.729
2200.0,-1.738
2210.0,-1.742
2220.0,-1.740
2230.0,-1.734
2240.0,-1.723
2250.0,-1.707
2260.0,-1.689
2270.0,-1.671
2280.0,-1.654
2290.0,-1.642
2300.0,-1.636
2310.0,-1.639
2320.0,-1.657
2330.0,-1.690
2340.0,-1.734
2350.0,-1.780
2360.0,-1.818
2370.0,-1.842
2380.0,-1.850
2390.0,-1.847
2400.0,-1.837
2410.0,-1.822
2420.0,-1.806
2430.0,-1.789
2440.0,-1.774
2450.0,-1.762
2460.0,-1.753
2470.0,-1.745
2480.0,-1.735
2490.0,-1.719
2500.0,-1.692
2510.0,-1.651
2520.0,-1.600
2530.0,-1.541
2540.0,-1.480
2550.0,-1.423
2560.0,-1.373
2570.0,-1.330
2580.0,-1.293
2590.0,-1.262
2600.0,-1.233
2610.0,-1.206
2620.0,-1.179
2630.0,-1.151
2640.0,-1.121
2650.0,-1.090
2660.0,-1.057
2670.0,-1.024
2680.0,-0.989
2690.0,-0.953
2700.0,-0.917
2710.0,-0.883
2720.0,-0.854
2730.0,-0.828
2740.0,-0.803
2750.0,-0.777
2760.0,-0.749
2770.0,-0.720
2780.0,-0.688
2790.0,-0.654
2800.0,-0.617
2810.0,-0.577
2820.0,-0.532
2830.0,-0.483
2840.0,-0.431
2850.0,-0.380
2860.0,-0.332
2870.0,-0.286
2880.0,-0.240
2890.0,-0.191
2900.0,-0.136
2910.0,-0.073
2920.0,-0.002
2930.0,0.080
2940.0,0.177
2950.0,0.291
2960.0,0.423
2970.0,0.567
2980.0,0.714
2990.0,0.854
3000.0,0.975
3010.0,1.069
3020.0,1.130
3030.0,1.153
3040.0,1.138
3050.0,1.081
3060.0,0.986
3070.0,0.855
3080.0,0.694
3090.0,0.510
3100.0,0.305
3110.0,0.085
3120.0,-0.149
3130.0,-0.391
3140.0,-0.636
3150.0,-0.878
3160.0,-1.110
3170.0,-1.325
3180.0,-1.515
3190.0,-1.677
3200.0,-1.813
3210.0,-1.932
3220.0,-2.048
3230.0,-2.179
3240.0,-2.335
3250.0,-2.513
3260.0,-2.694
3270.0,-2.852
3280.0,-2.963
3290.0,-3.013
3300.0,-3.006
3310.0,-2.958
3320.0,-2.893
3330.0,-2.832
3340.0,-2.790
3350.0,-2.770
3360.0,-2.765
3370.0,-2.766
3380.0,-2.766
3390.0,-2.763
3400.0,-2.759
3410.0,-2.756
3420.0,-2.756
3430.0,-2.759
3440.0,-2.764
3450.0,-2.772
3460.0,-2.781
3470.0,-2.791
3480.0,-2.803
3490.0,-2.815
3500.0,-2.824
3510.0,-2.829
3520.0,-2.828
3530.0,-2.822
3540.0,-2.815
3550.0,-2.809
3560.0,-2.806
3570.0,-2.807
3580.0,-2.809
3590.0,-2.806
3600.0,-2.793
3610.0,-2.764
3620.0,-2.714
3630.0,-2.644
3640.0,-2.556
3650.0,-2.455
3660.0,-2.348
3670.0,-2.238
3680.0,-2.129
3690.0,-2.020
3700.0,-1.907
3710.0,-1.781
3720.0,-1.637
3730.0,-1.474
3740.0,-1.298
3750.0,-1.116
3760.0,-0.933
3770.0,-0.745
3780.0,-0.543
3790.0,-0.318
3800.0,-0.068
3810.0,0.205
3820.0,0.498
3830.0,0.806
3840.0,1.124
3850.0,1.446
3860.0,1.766
3870.0,2.078
3880.0,2.377
3890.0,2.653
3900.0,2.897
3910.0,3.104
3920.0,3.265
3930.0,3.375
3940.0,3.426
3950.0,3.414
3960.0,3.340
3970.0,3.210
3980.0,3.035
3990.0,2.832
4000.0,2.615
4010.0,2.401
4020.0,2.200
4030.0,2.019
4040.0,1.859
4050.0,1.719
4060.0,1.593
4070.0,1.475
4080.0,1.360
4090.0,1.240
4100.0,1.110
4110.0,0.970
4120.0,0.822
4130.0,0.673
4140.0,0.528
4150.0,0.391
4160.0,0.266
4170.0,0.153
4180.0,0.054
4190.0,-0.035
4200.0,-0.112
4210.0,-0.178
4220.0,-0.232
4230.0,-0.273
4240.0,-0.302
4250.0,-0.322
4260.0,-0.334
4270.0,-0.341
4280.0,-0.344
4290.0,-0.346
4300.0,-0.346
4310.0,-0.346
